product_name,node_name,iso_year,iso_week,value,S_lot,lot_id_list
prod-A,CAN,2025,01,0,0,[]
prod-A,CAN,2025,02,0,0,[]
prod-A,CAN,2025,03,0,0,[]
prod-A,CAN,2025,04,0,0,[]
prod-A,CAN,2025,05,0,0,[]
prod-A,CAN,2025,06,0,0,[]
prod-A,CAN,2025,07,0,0,[]
prod-A,CAN,2025,08,0,0,[]
prod-A,CAN,2025,09,0,0,[]
prod-A,CAN,2025,10,0,0,[]
prod-A,CAN,2025,11,0,0,[]
prod-A,CAN,2025,12,0,0,[]
prod-A,CAN,2025,13,0,0,[]
prod-A,CAN,2025,14,0,0,[]
prod-A,CAN,2025,15,0,0,[]
prod-A,CAN,2025,16,0,0,[]
prod-A,CAN,2025,17,0,0,[]
prod-A,CAN,2025,18,0,0,[]
prod-A,CAN,2025,19,0,0,[]
prod-A,CAN,2025,20,0,0,[]
prod-A,CAN,2025,21,0,0,[]
prod-A,CAN,2025,22,0,0,[]
prod-A,CAN,2025,23,0,0,[]
prod-A,CAN,2025,24,0,0,[]
prod-A,CAN,2025,25,0,0,[]
prod-A,CAN,2025,26,0,0,[]
prod-A,CAN,2025,27,0,0,[]
prod-A,CAN,2025,28,0,0,[]
prod-A,CAN,2025,29,0,0,[]
prod-A,CAN,2025,30,0,0,[]
prod-A,CAN,2025,31,0,0,[]
prod-A,CAN,2025,32,0,0,[]
prod-A,CAN,2025,33,0,0,[]
prod-A,CAN,2025,34,0,0,[]
prod-A,CAN,2025,35,0,0,[]
prod-A,CAN,2025,36,0,0,[]
prod-A,CAN,2025,37,0,0,[]
prod-A,CAN,2025,38,0,0,[]
prod-A,CAN,2025,39,0,0,[]
prod-A,CAN,2025,40,0,0,[]
prod-A,CAN,2025,41,0,0,[]
prod-A,CAN,2025,42,0,0,[]
prod-A,CAN,2025,43,0,0,[]
prod-A,CAN,2025,44,0,0,[]
prod-A,CAN,2025,45,0,0,[]
prod-A,CAN,2025,46,0,0,[]
prod-A,CAN,2025,47,0,0,[]
prod-A,CAN,2025,48,0,0,[]
prod-A,CAN,2025,49,0,0,[]
prod-A,CAN,2025,50,0,0,[]
prod-A,CAN,2025,51,0,0,[]
prod-A,CAN,2025,52,0,0,[]
prod-A,CAN,2026,01,0,0,[]
prod-A,CAN,2026,02,0,0,[]
prod-A,CAN,2026,03,0,0,[]
prod-A,CAN,2026,04,0,0,[]
prod-A,CAN,2026,05,0,0,[]
prod-A,CAN,2026,06,0,0,[]
prod-A,CAN,2026,07,0,0,[]
prod-A,CAN,2026,08,0,0,[]
prod-A,CAN,2026,09,0,0,[]
prod-A,CAN,2026,10,0,0,[]
prod-A,CAN,2026,11,0,0,[]
prod-A,CAN,2026,12,0,0,[]
prod-A,CAN,2026,13,0,0,[]
prod-A,CAN,2026,14,0,0,[]
prod-A,CAN,2026,15,0,0,[]
prod-A,CAN,2026,16,0,0,[]
prod-A,CAN,2026,17,0,0,[]
prod-A,CAN,2026,18,0,0,[]
prod-A,CAN,2026,19,0,0,[]
prod-A,CAN,2026,20,0,0,[]
prod-A,CAN,2026,21,0,0,[]
prod-A,CAN,2026,22,0,0,[]
prod-A,CAN,2026,23,0,0,[]
prod-A,CAN,2026,24,0,0,[]
prod-A,CAN,2026,25,0,0,[]
prod-A,CAN,2026,26,0,0,[]
prod-A,CAN,2026,27,0,0,[]
prod-A,CAN,2026,28,0,0,[]
prod-A,CAN,2026,29,0,0,[]
prod-A,CAN,2026,30,0,0,[]
prod-A,CAN,2026,31,0,0,[]
prod-A,CAN,2026,32,0,0,[]
prod-A,CAN,2026,33,0,0,[]
prod-A,CAN,2026,34,0,0,[]
prod-A,CAN,2026,35,0,0,[]
prod-A,CAN,2026,36,0,0,[]
prod-A,CAN,2026,37,0,0,[]
prod-A,CAN,2026,38,0,0,[]
prod-A,CAN,2026,39,0,0,[]
prod-A,CAN,2026,40,0,0,[]
prod-A,CAN,2026,41,0,0,[]
prod-A,CAN,2026,42,0,0,[]
prod-A,CAN,2026,43,0,0,[]
prod-A,CAN,2026,44,0,0,[]
prod-A,CAN,2026,45,0,0,[]
prod-A,CAN,2026,46,0,0,[]
prod-A,CAN,2026,47,0,0,[]
prod-A,CAN,2026,48,0,0,[]
prod-A,CAN,2026,49,0,0,[]
prod-A,CAN,2026,50,0,0,[]
prod-A,CAN,2026,51,0,0,[]
prod-A,CAN,2026,52,0,0,[]
prod-A,CAN,2026,53,0,0,[]
prod-A,CAN_D,2025,01,0,0,[]
prod-A,CAN_D,2025,02,0,0,[]
prod-A,CAN_D,2025,03,0,0,[]
prod-A,CAN_D,2025,04,0,0,[]
prod-A,CAN_D,2025,05,0,0,[]
prod-A,CAN_D,2025,06,0,0,[]
prod-A,CAN_D,2025,07,0,0,[]
prod-A,CAN_D,2025,08,0,0,[]
prod-A,CAN_D,2025,09,0,0,[]
prod-A,CAN_D,2025,10,0,0,[]
prod-A,CAN_D,2025,11,0,0,[]
prod-A,CAN_D,2025,12,0,0,[]
prod-A,CAN_D,2025,13,0,0,[]
prod-A,CAN_D,2025,14,0,0,[]
prod-A,CAN_D,2025,15,0,0,[]
prod-A,CAN_D,2025,16,0,0,[]
prod-A,CAN_D,2025,17,0,0,[]
prod-A,CAN_D,2025,18,0,0,[]
prod-A,CAN_D,2025,19,0,0,[]
prod-A,CAN_D,2025,20,0,0,[]
prod-A,CAN_D,2025,21,0,0,[]
prod-A,CAN_D,2025,22,0,0,[]
prod-A,CAN_D,2025,23,0,0,[]
prod-A,CAN_D,2025,24,0,0,[]
prod-A,CAN_D,2025,25,0,0,[]
prod-A,CAN_D,2025,26,0,0,[]
prod-A,CAN_D,2025,27,0,0,[]
prod-A,CAN_D,2025,28,0,0,[]
prod-A,CAN_D,2025,29,0,0,[]
prod-A,CAN_D,2025,30,0,0,[]
prod-A,CAN_D,2025,31,0,0,[]
prod-A,CAN_D,2025,32,0,0,[]
prod-A,CAN_D,2025,33,0,0,[]
prod-A,CAN_D,2025,34,0,0,[]
prod-A,CAN_D,2025,35,0,0,[]
prod-A,CAN_D,2025,36,0,0,[]
prod-A,CAN_D,2025,37,0,0,[]
prod-A,CAN_D,2025,38,0,0,[]
prod-A,CAN_D,2025,39,0,0,[]
prod-A,CAN_D,2025,40,0,0,[]
prod-A,CAN_D,2025,41,0,0,[]
prod-A,CAN_D,2025,42,0,0,[]
prod-A,CAN_D,2025,43,0,0,[]
prod-A,CAN_D,2025,44,0,0,[]
prod-A,CAN_D,2025,45,0,0,[]
prod-A,CAN_D,2025,46,0,0,[]
prod-A,CAN_D,2025,47,0,0,[]
prod-A,CAN_D,2025,48,0,0,[]
prod-A,CAN_D,2025,49,0,0,[]
prod-A,CAN_D,2025,50,0,0,[]
prod-A,CAN_D,2025,51,0,0,[]
prod-A,CAN_D,2025,52,0,0,[]
prod-A,CAN_D,2026,01,0,0,[]
prod-A,CAN_D,2026,02,0,0,[]
prod-A,CAN_D,2026,03,0,0,[]
prod-A,CAN_D,2026,04,0,0,[]
prod-A,CAN_D,2026,05,0,0,[]
prod-A,CAN_D,2026,06,0,0,[]
prod-A,CAN_D,2026,07,0,0,[]
prod-A,CAN_D,2026,08,0,0,[]
prod-A,CAN_D,2026,09,0,0,[]
prod-A,CAN_D,2026,10,0,0,[]
prod-A,CAN_D,2026,11,0,0,[]
prod-A,CAN_D,2026,12,0,0,[]
prod-A,CAN_D,2026,13,0,0,[]
prod-A,CAN_D,2026,14,0,0,[]
prod-A,CAN_D,2026,15,0,0,[]
prod-A,CAN_D,2026,16,0,0,[]
prod-A,CAN_D,2026,17,0,0,[]
prod-A,CAN_D,2026,18,0,0,[]
prod-A,CAN_D,2026,19,0,0,[]
prod-A,CAN_D,2026,20,0,0,[]
prod-A,CAN_D,2026,21,0,0,[]
prod-A,CAN_D,2026,22,0,0,[]
prod-A,CAN_D,2026,23,0,0,[]
prod-A,CAN_D,2026,24,0,0,[]
prod-A,CAN_D,2026,25,0,0,[]
prod-A,CAN_D,2026,26,0,0,[]
prod-A,CAN_D,2026,27,0,0,[]
prod-A,CAN_D,2026,28,0,0,[]
prod-A,CAN_D,2026,29,0,0,[]
prod-A,CAN_D,2026,30,0,0,[]
prod-A,CAN_D,2026,31,0,0,[]
prod-A,CAN_D,2026,32,0,0,[]
prod-A,CAN_D,2026,33,0,0,[]
prod-A,CAN_D,2026,34,0,0,[]
prod-A,CAN_D,2026,35,0,0,[]
prod-A,CAN_D,2026,36,0,0,[]
prod-A,CAN_D,2026,37,0,0,[]
prod-A,CAN_D,2026,38,0,0,[]
prod-A,CAN_D,2026,39,0,0,[]
prod-A,CAN_D,2026,40,0,0,[]
prod-A,CAN_D,2026,41,0,0,[]
prod-A,CAN_D,2026,42,0,0,[]
prod-A,CAN_D,2026,43,0,0,[]
prod-A,CAN_D,2026,44,0,0,[]
prod-A,CAN_D,2026,45,0,0,[]
prod-A,CAN_D,2026,46,0,0,[]
prod-A,CAN_D,2026,47,0,0,[]
prod-A,CAN_D,2026,48,0,0,[]
prod-A,CAN_D,2026,49,0,0,[]
prod-A,CAN_D,2026,50,0,0,[]
prod-A,CAN_D,2026,51,0,0,[]
prod-A,CAN_D,2026,52,0,0,[]
prod-A,CAN_D,2026,53,0,0,[]
prod-A,CAN_I,2025,01,0,0,[]
prod-A,CAN_I,2025,02,0,0,[]
prod-A,CAN_I,2025,03,0,0,[]
prod-A,CAN_I,2025,04,0,0,[]
prod-A,CAN_I,2025,05,0,0,[]
prod-A,CAN_I,2025,06,0,0,[]
prod-A,CAN_I,2025,07,0,0,[]
prod-A,CAN_I,2025,08,0,0,[]
prod-A,CAN_I,2025,09,0,0,[]
prod-A,CAN_I,2025,10,0,0,[]
prod-A,CAN_I,2025,11,0,0,[]
prod-A,CAN_I,2025,12,0,0,[]
prod-A,CAN_I,2025,13,0,0,[]
prod-A,CAN_I,2025,14,0,0,[]
prod-A,CAN_I,2025,15,0,0,[]
prod-A,CAN_I,2025,16,0,0,[]
prod-A,CAN_I,2025,17,0,0,[]
prod-A,CAN_I,2025,18,0,0,[]
prod-A,CAN_I,2025,19,0,0,[]
prod-A,CAN_I,2025,20,0,0,[]
prod-A,CAN_I,2025,21,0,0,[]
prod-A,CAN_I,2025,22,0,0,[]
prod-A,CAN_I,2025,23,0,0,[]
prod-A,CAN_I,2025,24,0,0,[]
prod-A,CAN_I,2025,25,0,0,[]
prod-A,CAN_I,2025,26,0,0,[]
prod-A,CAN_I,2025,27,0,0,[]
prod-A,CAN_I,2025,28,0,0,[]
prod-A,CAN_I,2025,29,0,0,[]
prod-A,CAN_I,2025,30,0,0,[]
prod-A,CAN_I,2025,31,0,0,[]
prod-A,CAN_I,2025,32,0,0,[]
prod-A,CAN_I,2025,33,0,0,[]
prod-A,CAN_I,2025,34,0,0,[]
prod-A,CAN_I,2025,35,0,0,[]
prod-A,CAN_I,2025,36,0,0,[]
prod-A,CAN_I,2025,37,0,0,[]
prod-A,CAN_I,2025,38,0,0,[]
prod-A,CAN_I,2025,39,0,0,[]
prod-A,CAN_I,2025,40,0,0,[]
prod-A,CAN_I,2025,41,0,0,[]
prod-A,CAN_I,2025,42,0,0,[]
prod-A,CAN_I,2025,43,0,0,[]
prod-A,CAN_I,2025,44,0,0,[]
prod-A,CAN_I,2025,45,0,0,[]
prod-A,CAN_I,2025,46,0,0,[]
prod-A,CAN_I,2025,47,0,0,[]
prod-A,CAN_I,2025,48,0,0,[]
prod-A,CAN_I,2025,49,0,0,[]
prod-A,CAN_I,2025,50,0,0,[]
prod-A,CAN_I,2025,51,0,0,[]
prod-A,CAN_I,2025,52,0,0,[]
prod-A,CAN_I,2026,01,0,0,[]
prod-A,CAN_I,2026,02,0,0,[]
prod-A,CAN_I,2026,03,0,0,[]
prod-A,CAN_I,2026,04,0,0,[]
prod-A,CAN_I,2026,05,0,0,[]
prod-A,CAN_I,2026,06,0,0,[]
prod-A,CAN_I,2026,07,0,0,[]
prod-A,CAN_I,2026,08,0,0,[]
prod-A,CAN_I,2026,09,0,0,[]
prod-A,CAN_I,2026,10,0,0,[]
prod-A,CAN_I,2026,11,0,0,[]
prod-A,CAN_I,2026,12,0,0,[]
prod-A,CAN_I,2026,13,0,0,[]
prod-A,CAN_I,2026,14,0,0,[]
prod-A,CAN_I,2026,15,0,0,[]
prod-A,CAN_I,2026,16,0,0,[]
prod-A,CAN_I,2026,17,0,0,[]
prod-A,CAN_I,2026,18,0,0,[]
prod-A,CAN_I,2026,19,0,0,[]
prod-A,CAN_I,2026,20,0,0,[]
prod-A,CAN_I,2026,21,0,0,[]
prod-A,CAN_I,2026,22,0,0,[]
prod-A,CAN_I,2026,23,0,0,[]
prod-A,CAN_I,2026,24,0,0,[]
prod-A,CAN_I,2026,25,0,0,[]
prod-A,CAN_I,2026,26,0,0,[]
prod-A,CAN_I,2026,27,0,0,[]
prod-A,CAN_I,2026,28,0,0,[]
prod-A,CAN_I,2026,29,0,0,[]
prod-A,CAN_I,2026,30,0,0,[]
prod-A,CAN_I,2026,31,0,0,[]
prod-A,CAN_I,2026,32,0,0,[]
prod-A,CAN_I,2026,33,0,0,[]
prod-A,CAN_I,2026,34,0,0,[]
prod-A,CAN_I,2026,35,0,0,[]
prod-A,CAN_I,2026,36,0,0,[]
prod-A,CAN_I,2026,37,0,0,[]
prod-A,CAN_I,2026,38,0,0,[]
prod-A,CAN_I,2026,39,0,0,[]
prod-A,CAN_I,2026,40,0,0,[]
prod-A,CAN_I,2026,41,0,0,[]
prod-A,CAN_I,2026,42,0,0,[]
prod-A,CAN_I,2026,43,0,0,[]
prod-A,CAN_I,2026,44,0,0,[]
prod-A,CAN_I,2026,45,0,0,[]
prod-A,CAN_I,2026,46,0,0,[]
prod-A,CAN_I,2026,47,0,0,[]
prod-A,CAN_I,2026,48,0,0,[]
prod-A,CAN_I,2026,49,0,0,[]
prod-A,CAN_I,2026,50,0,0,[]
prod-A,CAN_I,2026,51,0,0,[]
prod-A,CAN_I,2026,52,0,0,[]
prod-A,CAN_I,2026,53,0,0,[]
prod-A,CAN_N,2025,01,0,0,[]
prod-A,CAN_N,2025,02,0,0,[]
prod-A,CAN_N,2025,03,0,0,[]
prod-A,CAN_N,2025,04,0,0,[]
prod-A,CAN_N,2025,05,0,0,[]
prod-A,CAN_N,2025,06,0,0,[]
prod-A,CAN_N,2025,07,0,0,[]
prod-A,CAN_N,2025,08,0,0,[]
prod-A,CAN_N,2025,09,0,0,[]
prod-A,CAN_N,2025,10,0,0,[]
prod-A,CAN_N,2025,11,0,0,[]
prod-A,CAN_N,2025,12,0,0,[]
prod-A,CAN_N,2025,13,0,0,[]
prod-A,CAN_N,2025,14,0,0,[]
prod-A,CAN_N,2025,15,0,0,[]
prod-A,CAN_N,2025,16,0,0,[]
prod-A,CAN_N,2025,17,0,0,[]
prod-A,CAN_N,2025,18,0,0,[]
prod-A,CAN_N,2025,19,0,0,[]
prod-A,CAN_N,2025,20,0,0,[]
prod-A,CAN_N,2025,21,0,0,[]
prod-A,CAN_N,2025,22,0,0,[]
prod-A,CAN_N,2025,23,0,0,[]
prod-A,CAN_N,2025,24,0,0,[]
prod-A,CAN_N,2025,25,0,0,[]
prod-A,CAN_N,2025,26,0,0,[]
prod-A,CAN_N,2025,27,0,0,[]
prod-A,CAN_N,2025,28,0,0,[]
prod-A,CAN_N,2025,29,0,0,[]
prod-A,CAN_N,2025,30,0,0,[]
prod-A,CAN_N,2025,31,0,0,[]
prod-A,CAN_N,2025,32,0,0,[]
prod-A,CAN_N,2025,33,0,0,[]
prod-A,CAN_N,2025,34,0,0,[]
prod-A,CAN_N,2025,35,0,0,[]
prod-A,CAN_N,2025,36,0,0,[]
prod-A,CAN_N,2025,37,0,0,[]
prod-A,CAN_N,2025,38,0,0,[]
prod-A,CAN_N,2025,39,0,0,[]
prod-A,CAN_N,2025,40,0,0,[]
prod-A,CAN_N,2025,41,0,0,[]
prod-A,CAN_N,2025,42,0,0,[]
prod-A,CAN_N,2025,43,0,0,[]
prod-A,CAN_N,2025,44,0,0,[]
prod-A,CAN_N,2025,45,0,0,[]
prod-A,CAN_N,2025,46,0,0,[]
prod-A,CAN_N,2025,47,0,0,[]
prod-A,CAN_N,2025,48,0,0,[]
prod-A,CAN_N,2025,49,0,0,[]
prod-A,CAN_N,2025,50,0,0,[]
prod-A,CAN_N,2025,51,0,0,[]
prod-A,CAN_N,2025,52,0,0,[]
prod-A,CAN_N,2026,01,0,0,[]
prod-A,CAN_N,2026,02,0,0,[]
prod-A,CAN_N,2026,03,0,0,[]
prod-A,CAN_N,2026,04,0,0,[]
prod-A,CAN_N,2026,05,0,0,[]
prod-A,CAN_N,2026,06,0,0,[]
prod-A,CAN_N,2026,07,0,0,[]
prod-A,CAN_N,2026,08,0,0,[]
prod-A,CAN_N,2026,09,0,0,[]
prod-A,CAN_N,2026,10,0,0,[]
prod-A,CAN_N,2026,11,0,0,[]
prod-A,CAN_N,2026,12,0,0,[]
prod-A,CAN_N,2026,13,0,0,[]
prod-A,CAN_N,2026,14,0,0,[]
prod-A,CAN_N,2026,15,0,0,[]
prod-A,CAN_N,2026,16,0,0,[]
prod-A,CAN_N,2026,17,0,0,[]
prod-A,CAN_N,2026,18,0,0,[]
prod-A,CAN_N,2026,19,0,0,[]
prod-A,CAN_N,2026,20,0,0,[]
prod-A,CAN_N,2026,21,0,0,[]
prod-A,CAN_N,2026,22,0,0,[]
prod-A,CAN_N,2026,23,0,0,[]
prod-A,CAN_N,2026,24,0,0,[]
prod-A,CAN_N,2026,25,0,0,[]
prod-A,CAN_N,2026,26,0,0,[]
prod-A,CAN_N,2026,27,0,0,[]
prod-A,CAN_N,2026,28,0,0,[]
prod-A,CAN_N,2026,29,0,0,[]
prod-A,CAN_N,2026,30,0,0,[]
prod-A,CAN_N,2026,31,0,0,[]
prod-A,CAN_N,2026,32,0,0,[]
prod-A,CAN_N,2026,33,0,0,[]
prod-A,CAN_N,2026,34,0,0,[]
prod-A,CAN_N,2026,35,0,0,[]
prod-A,CAN_N,2026,36,0,0,[]
prod-A,CAN_N,2026,37,0,0,[]
prod-A,CAN_N,2026,38,0,0,[]
prod-A,CAN_N,2026,39,0,0,[]
prod-A,CAN_N,2026,40,0,0,[]
prod-A,CAN_N,2026,41,0,0,[]
prod-A,CAN_N,2026,42,0,0,[]
prod-A,CAN_N,2026,43,0,0,[]
prod-A,CAN_N,2026,44,0,0,[]
prod-A,CAN_N,2026,45,0,0,[]
prod-A,CAN_N,2026,46,0,0,[]
prod-A,CAN_N,2026,47,0,0,[]
prod-A,CAN_N,2026,48,0,0,[]
prod-A,CAN_N,2026,49,0,0,[]
prod-A,CAN_N,2026,50,0,0,[]
prod-A,CAN_N,2026,51,0,0,[]
prod-A,CAN_N,2026,52,0,0,[]
prod-A,CAN_N,2026,53,0,0,[]
prod-A,FRALEAF,2025,01,0,0,[]
prod-A,FRALEAF,2025,02,0,0,[]
prod-A,FRALEAF,2025,03,0,0,[]
prod-A,FRALEAF,2025,04,0,0,[]
prod-A,FRALEAF,2025,05,0,0,[]
prod-A,FRALEAF,2025,06,0,0,[]
prod-A,FRALEAF,2025,07,0,0,[]
prod-A,FRALEAF,2025,08,0,0,[]
prod-A,FRALEAF,2025,09,0,0,[]
prod-A,FRALEAF,2025,10,0,0,[]
prod-A,FRALEAF,2025,11,0,0,[]
prod-A,FRALEAF,2025,12,0,0,[]
prod-A,FRALEAF,2025,13,0,0,[]
prod-A,FRALEAF,2025,14,0,0,[]
prod-A,FRALEAF,2025,15,0,0,[]
prod-A,FRALEAF,2025,16,0,0,[]
prod-A,FRALEAF,2025,17,0,0,[]
prod-A,FRALEAF,2025,18,0,0,[]
prod-A,FRALEAF,2025,19,0,0,[]
prod-A,FRALEAF,2025,20,0,0,[]
prod-A,FRALEAF,2025,21,0,0,[]
prod-A,FRALEAF,2025,22,0,0,[]
prod-A,FRALEAF,2025,23,0,0,[]
prod-A,FRALEAF,2025,24,0,0,[]
prod-A,FRALEAF,2025,25,0,0,[]
prod-A,FRALEAF,2025,26,0,0,[]
prod-A,FRALEAF,2025,27,0,0,[]
prod-A,FRALEAF,2025,28,0,0,[]
prod-A,FRALEAF,2025,29,0,0,[]
prod-A,FRALEAF,2025,30,0,0,[]
prod-A,FRALEAF,2025,31,0,0,[]
prod-A,FRALEAF,2025,32,0,0,[]
prod-A,FRALEAF,2025,33,0,0,[]
prod-A,FRALEAF,2025,34,0,0,[]
prod-A,FRALEAF,2025,35,0,0,[]
prod-A,FRALEAF,2025,36,0,0,[]
prod-A,FRALEAF,2025,37,0,0,[]
prod-A,FRALEAF,2025,38,0,0,[]
prod-A,FRALEAF,2025,39,0,0,[]
prod-A,FRALEAF,2025,40,0,0,[]
prod-A,FRALEAF,2025,41,0,0,[]
prod-A,FRALEAF,2025,42,0,0,[]
prod-A,FRALEAF,2025,43,0,0,[]
prod-A,FRALEAF,2025,44,0,0,[]
prod-A,FRALEAF,2025,45,0,0,[]
prod-A,FRALEAF,2025,46,0,0,[]
prod-A,FRALEAF,2025,47,0,0,[]
prod-A,FRALEAF,2025,48,0,0,[]
prod-A,FRALEAF,2025,49,0,0,[]
prod-A,FRALEAF,2025,50,0,0,[]
prod-A,FRALEAF,2025,51,0,0,[]
prod-A,FRALEAF,2025,52,0,0,[]
prod-A,FRALEAF,2026,01,0,0,[]
prod-A,FRALEAF,2026,02,0,0,[]
prod-A,FRALEAF,2026,03,0,0,[]
prod-A,FRALEAF,2026,04,0,0,[]
prod-A,FRALEAF,2026,05,0,0,[]
prod-A,FRALEAF,2026,06,0,0,[]
prod-A,FRALEAF,2026,07,0,0,[]
prod-A,FRALEAF,2026,08,0,0,[]
prod-A,FRALEAF,2026,09,0,0,[]
prod-A,FRALEAF,2026,10,0,0,[]
prod-A,FRALEAF,2026,11,0,0,[]
prod-A,FRALEAF,2026,12,0,0,[]
prod-A,FRALEAF,2026,13,0,0,[]
prod-A,FRALEAF,2026,14,0,0,[]
prod-A,FRALEAF,2026,15,0,0,[]
prod-A,FRALEAF,2026,16,0,0,[]
prod-A,FRALEAF,2026,17,0,0,[]
prod-A,FRALEAF,2026,18,0,0,[]
prod-A,FRALEAF,2026,19,0,0,[]
prod-A,FRALEAF,2026,20,0,0,[]
prod-A,FRALEAF,2026,21,0,0,[]
prod-A,FRALEAF,2026,22,0,0,[]
prod-A,FRALEAF,2026,23,0,0,[]
prod-A,FRALEAF,2026,24,0,0,[]
prod-A,FRALEAF,2026,25,0,0,[]
prod-A,FRALEAF,2026,26,0,0,[]
prod-A,FRALEAF,2026,27,0,0,[]
prod-A,FRALEAF,2026,28,0,0,[]
prod-A,FRALEAF,2026,29,0,0,[]
prod-A,FRALEAF,2026,30,0,0,[]
prod-A,FRALEAF,2026,31,0,0,[]
prod-A,FRALEAF,2026,32,0,0,[]
prod-A,FRALEAF,2026,33,0,0,[]
prod-A,FRALEAF,2026,34,0,0,[]
prod-A,FRALEAF,2026,35,0,0,[]
prod-A,FRALEAF,2026,36,0,0,[]
prod-A,FRALEAF,2026,37,0,0,[]
prod-A,FRALEAF,2026,38,0,0,[]
prod-A,FRALEAF,2026,39,0,0,[]
prod-A,FRALEAF,2026,40,0,0,[]
prod-A,FRALEAF,2026,41,0,0,[]
prod-A,FRALEAF,2026,42,0,0,[]
prod-A,FRALEAF,2026,43,0,0,[]
prod-A,FRALEAF,2026,44,0,0,[]
prod-A,FRALEAF,2026,45,0,0,[]
prod-A,FRALEAF,2026,46,0,0,[]
prod-A,FRALEAF,2026,47,0,0,[]
prod-A,FRALEAF,2026,48,0,0,[]
prod-A,FRALEAF,2026,49,0,0,[]
prod-A,FRALEAF,2026,50,0,0,[]
prod-A,FRALEAF,2026,51,0,0,[]
prod-A,FRALEAF,2026,52,0,0,[]
prod-A,FRALEAF,2026,53,0,0,[]
prod-A,HAM,2025,01,0,0,[]
prod-A,HAM,2025,02,0,0,[]
prod-A,HAM,2025,03,0,0,[]
prod-A,HAM,2025,04,0,0,[]
prod-A,HAM,2025,05,0,0,[]
prod-A,HAM,2025,06,0,0,[]
prod-A,HAM,2025,07,0,0,[]
prod-A,HAM,2025,08,0,0,[]
prod-A,HAM,2025,09,0,0,[]
prod-A,HAM,2025,10,0,0,[]
prod-A,HAM,2025,11,0,0,[]
prod-A,HAM,2025,12,0,0,[]
prod-A,HAM,2025,13,0,0,[]
prod-A,HAM,2025,14,0,0,[]
prod-A,HAM,2025,15,0,0,[]
prod-A,HAM,2025,16,0,0,[]
prod-A,HAM,2025,17,0,0,[]
prod-A,HAM,2025,18,0,0,[]
prod-A,HAM,2025,19,0,0,[]
prod-A,HAM,2025,20,0,0,[]
prod-A,HAM,2025,21,0,0,[]
prod-A,HAM,2025,22,0,0,[]
prod-A,HAM,2025,23,0,0,[]
prod-A,HAM,2025,24,0,0,[]
prod-A,HAM,2025,25,0,0,[]
prod-A,HAM,2025,26,0,0,[]
prod-A,HAM,2025,27,0,0,[]
prod-A,HAM,2025,28,0,0,[]
prod-A,HAM,2025,29,0,0,[]
prod-A,HAM,2025,30,0,0,[]
prod-A,HAM,2025,31,0,0,[]
prod-A,HAM,2025,32,0,0,[]
prod-A,HAM,2025,33,0,0,[]
prod-A,HAM,2025,34,0,0,[]
prod-A,HAM,2025,35,0,0,[]
prod-A,HAM,2025,36,0,0,[]
prod-A,HAM,2025,37,0,0,[]
prod-A,HAM,2025,38,0,0,[]
prod-A,HAM,2025,39,0,0,[]
prod-A,HAM,2025,40,0,0,[]
prod-A,HAM,2025,41,0,0,[]
prod-A,HAM,2025,42,0,0,[]
prod-A,HAM,2025,43,0,0,[]
prod-A,HAM,2025,44,0,0,[]
prod-A,HAM,2025,45,0,0,[]
prod-A,HAM,2025,46,0,0,[]
prod-A,HAM,2025,47,0,0,[]
prod-A,HAM,2025,48,0,0,[]
prod-A,HAM,2025,49,0,0,[]
prod-A,HAM,2025,50,0,0,[]
prod-A,HAM,2025,51,0,0,[]
prod-A,HAM,2025,52,0,0,[]
prod-A,HAM,2026,01,0,0,[]
prod-A,HAM,2026,02,0,0,[]
prod-A,HAM,2026,03,0,0,[]
prod-A,HAM,2026,04,0,0,[]
prod-A,HAM,2026,05,0,0,[]
prod-A,HAM,2026,06,0,0,[]
prod-A,HAM,2026,07,0,0,[]
prod-A,HAM,2026,08,0,0,[]
prod-A,HAM,2026,09,0,0,[]
prod-A,HAM,2026,10,0,0,[]
prod-A,HAM,2026,11,0,0,[]
prod-A,HAM,2026,12,0,0,[]
prod-A,HAM,2026,13,0,0,[]
prod-A,HAM,2026,14,0,0,[]
prod-A,HAM,2026,15,0,0,[]
prod-A,HAM,2026,16,0,0,[]
prod-A,HAM,2026,17,0,0,[]
prod-A,HAM,2026,18,0,0,[]
prod-A,HAM,2026,19,0,0,[]
prod-A,HAM,2026,20,0,0,[]
prod-A,HAM,2026,21,0,0,[]
prod-A,HAM,2026,22,0,0,[]
prod-A,HAM,2026,23,0,0,[]
prod-A,HAM,2026,24,0,0,[]
prod-A,HAM,2026,25,0,0,[]
prod-A,HAM,2026,26,0,0,[]
prod-A,HAM,2026,27,0,0,[]
prod-A,HAM,2026,28,0,0,[]
prod-A,HAM,2026,29,0,0,[]
prod-A,HAM,2026,30,0,0,[]
prod-A,HAM,2026,31,0,0,[]
prod-A,HAM,2026,32,0,0,[]
prod-A,HAM,2026,33,0,0,[]
prod-A,HAM,2026,34,0,0,[]
prod-A,HAM,2026,35,0,0,[]
prod-A,HAM,2026,36,0,0,[]
prod-A,HAM,2026,37,0,0,[]
prod-A,HAM,2026,38,0,0,[]
prod-A,HAM,2026,39,0,0,[]
prod-A,HAM,2026,40,0,0,[]
prod-A,HAM,2026,41,0,0,[]
prod-A,HAM,2026,42,0,0,[]
prod-A,HAM,2026,43,0,0,[]
prod-A,HAM,2026,44,0,0,[]
prod-A,HAM,2026,45,0,0,[]
prod-A,HAM,2026,46,0,0,[]
prod-A,HAM,2026,47,0,0,[]
prod-A,HAM,2026,48,0,0,[]
prod-A,HAM,2026,49,0,0,[]
prod-A,HAM,2026,50,0,0,[]
prod-A,HAM,2026,51,0,0,[]
prod-A,HAM,2026,52,0,0,[]
prod-A,HAM,2026,53,0,0,[]
prod-A,HAM_D,2025,01,0,0,[]
prod-A,HAM_D,2025,02,0,0,[]
prod-A,HAM_D,2025,03,0,0,[]
prod-A,HAM_D,2025,04,0,0,[]
prod-A,HAM_D,2025,05,0,0,[]
prod-A,HAM_D,2025,06,0,0,[]
prod-A,HAM_D,2025,07,0,0,[]
prod-A,HAM_D,2025,08,0,0,[]
prod-A,HAM_D,2025,09,0,0,[]
prod-A,HAM_D,2025,10,0,0,[]
prod-A,HAM_D,2025,11,0,0,[]
prod-A,HAM_D,2025,12,0,0,[]
prod-A,HAM_D,2025,13,0,0,[]
prod-A,HAM_D,2025,14,0,0,[]
prod-A,HAM_D,2025,15,0,0,[]
prod-A,HAM_D,2025,16,0,0,[]
prod-A,HAM_D,2025,17,0,0,[]
prod-A,HAM_D,2025,18,0,0,[]
prod-A,HAM_D,2025,19,0,0,[]
prod-A,HAM_D,2025,20,0,0,[]
prod-A,HAM_D,2025,21,0,0,[]
prod-A,HAM_D,2025,22,0,0,[]
prod-A,HAM_D,2025,23,0,0,[]
prod-A,HAM_D,2025,24,0,0,[]
prod-A,HAM_D,2025,25,0,0,[]
prod-A,HAM_D,2025,26,0,0,[]
prod-A,HAM_D,2025,27,0,0,[]
prod-A,HAM_D,2025,28,0,0,[]
prod-A,HAM_D,2025,29,0,0,[]
prod-A,HAM_D,2025,30,0,0,[]
prod-A,HAM_D,2025,31,0,0,[]
prod-A,HAM_D,2025,32,0,0,[]
prod-A,HAM_D,2025,33,0,0,[]
prod-A,HAM_D,2025,34,0,0,[]
prod-A,HAM_D,2025,35,0,0,[]
prod-A,HAM_D,2025,36,0,0,[]
prod-A,HAM_D,2025,37,0,0,[]
prod-A,HAM_D,2025,38,0,0,[]
prod-A,HAM_D,2025,39,0,0,[]
prod-A,HAM_D,2025,40,0,0,[]
prod-A,HAM_D,2025,41,0,0,[]
prod-A,HAM_D,2025,42,0,0,[]
prod-A,HAM_D,2025,43,0,0,[]
prod-A,HAM_D,2025,44,0,0,[]
prod-A,HAM_D,2025,45,0,0,[]
prod-A,HAM_D,2025,46,0,0,[]
prod-A,HAM_D,2025,47,0,0,[]
prod-A,HAM_D,2025,48,0,0,[]
prod-A,HAM_D,2025,49,0,0,[]
prod-A,HAM_D,2025,50,0,0,[]
prod-A,HAM_D,2025,51,0,0,[]
prod-A,HAM_D,2025,52,0,0,[]
prod-A,HAM_D,2026,01,0,0,[]
prod-A,HAM_D,2026,02,0,0,[]
prod-A,HAM_D,2026,03,0,0,[]
prod-A,HAM_D,2026,04,0,0,[]
prod-A,HAM_D,2026,05,0,0,[]
prod-A,HAM_D,2026,06,0,0,[]
prod-A,HAM_D,2026,07,0,0,[]
prod-A,HAM_D,2026,08,0,0,[]
prod-A,HAM_D,2026,09,0,0,[]
prod-A,HAM_D,2026,10,0,0,[]
prod-A,HAM_D,2026,11,0,0,[]
prod-A,HAM_D,2026,12,0,0,[]
prod-A,HAM_D,2026,13,0,0,[]
prod-A,HAM_D,2026,14,0,0,[]
prod-A,HAM_D,2026,15,0,0,[]
prod-A,HAM_D,2026,16,0,0,[]
prod-A,HAM_D,2026,17,0,0,[]
prod-A,HAM_D,2026,18,0,0,[]
prod-A,HAM_D,2026,19,0,0,[]
prod-A,HAM_D,2026,20,0,0,[]
prod-A,HAM_D,2026,21,0,0,[]
prod-A,HAM_D,2026,22,0,0,[]
prod-A,HAM_D,2026,23,0,0,[]
prod-A,HAM_D,2026,24,0,0,[]
prod-A,HAM_D,2026,25,0,0,[]
prod-A,HAM_D,2026,26,0,0,[]
prod-A,HAM_D,2026,27,0,0,[]
prod-A,HAM_D,2026,28,0,0,[]
prod-A,HAM_D,2026,29,0,0,[]
prod-A,HAM_D,2026,30,0,0,[]
prod-A,HAM_D,2026,31,0,0,[]
prod-A,HAM_D,2026,32,0,0,[]
prod-A,HAM_D,2026,33,0,0,[]
prod-A,HAM_D,2026,34,0,0,[]
prod-A,HAM_D,2026,35,0,0,[]
prod-A,HAM_D,2026,36,0,0,[]
prod-A,HAM_D,2026,37,0,0,[]
prod-A,HAM_D,2026,38,0,0,[]
prod-A,HAM_D,2026,39,0,0,[]
prod-A,HAM_D,2026,40,0,0,[]
prod-A,HAM_D,2026,41,0,0,[]
prod-A,HAM_D,2026,42,0,0,[]
prod-A,HAM_D,2026,43,0,0,[]
prod-A,HAM_D,2026,44,0,0,[]
prod-A,HAM_D,2026,45,0,0,[]
prod-A,HAM_D,2026,46,0,0,[]
prod-A,HAM_D,2026,47,0,0,[]
prod-A,HAM_D,2026,48,0,0,[]
prod-A,HAM_D,2026,49,0,0,[]
prod-A,HAM_D,2026,50,0,0,[]
prod-A,HAM_D,2026,51,0,0,[]
prod-A,HAM_D,2026,52,0,0,[]
prod-A,HAM_D,2026,53,0,0,[]
prod-A,HAM_I,2025,01,0,0,[]
prod-A,HAM_I,2025,02,0,0,[]
prod-A,HAM_I,2025,03,0,0,[]
prod-A,HAM_I,2025,04,0,0,[]
prod-A,HAM_I,2025,05,0,0,[]
prod-A,HAM_I,2025,06,0,0,[]
prod-A,HAM_I,2025,07,0,0,[]
prod-A,HAM_I,2025,08,0,0,[]
prod-A,HAM_I,2025,09,0,0,[]
prod-A,HAM_I,2025,10,0,0,[]
prod-A,HAM_I,2025,11,0,0,[]
prod-A,HAM_I,2025,12,0,0,[]
prod-A,HAM_I,2025,13,0,0,[]
prod-A,HAM_I,2025,14,0,0,[]
prod-A,HAM_I,2025,15,0,0,[]
prod-A,HAM_I,2025,16,0,0,[]
prod-A,HAM_I,2025,17,0,0,[]
prod-A,HAM_I,2025,18,0,0,[]
prod-A,HAM_I,2025,19,0,0,[]
prod-A,HAM_I,2025,20,0,0,[]
prod-A,HAM_I,2025,21,0,0,[]
prod-A,HAM_I,2025,22,0,0,[]
prod-A,HAM_I,2025,23,0,0,[]
prod-A,HAM_I,2025,24,0,0,[]
prod-A,HAM_I,2025,25,0,0,[]
prod-A,HAM_I,2025,26,0,0,[]
prod-A,HAM_I,2025,27,0,0,[]
prod-A,HAM_I,2025,28,0,0,[]
prod-A,HAM_I,2025,29,0,0,[]
prod-A,HAM_I,2025,30,0,0,[]
prod-A,HAM_I,2025,31,0,0,[]
prod-A,HAM_I,2025,32,0,0,[]
prod-A,HAM_I,2025,33,0,0,[]
prod-A,HAM_I,2025,34,0,0,[]
prod-A,HAM_I,2025,35,0,0,[]
prod-A,HAM_I,2025,36,0,0,[]
prod-A,HAM_I,2025,37,0,0,[]
prod-A,HAM_I,2025,38,0,0,[]
prod-A,HAM_I,2025,39,0,0,[]
prod-A,HAM_I,2025,40,0,0,[]
prod-A,HAM_I,2025,41,0,0,[]
prod-A,HAM_I,2025,42,0,0,[]
prod-A,HAM_I,2025,43,0,0,[]
prod-A,HAM_I,2025,44,0,0,[]
prod-A,HAM_I,2025,45,0,0,[]
prod-A,HAM_I,2025,46,0,0,[]
prod-A,HAM_I,2025,47,0,0,[]
prod-A,HAM_I,2025,48,0,0,[]
prod-A,HAM_I,2025,49,0,0,[]
prod-A,HAM_I,2025,50,0,0,[]
prod-A,HAM_I,2025,51,0,0,[]
prod-A,HAM_I,2025,52,0,0,[]
prod-A,HAM_I,2026,01,0,0,[]
prod-A,HAM_I,2026,02,0,0,[]
prod-A,HAM_I,2026,03,0,0,[]
prod-A,HAM_I,2026,04,0,0,[]
prod-A,HAM_I,2026,05,0,0,[]
prod-A,HAM_I,2026,06,0,0,[]
prod-A,HAM_I,2026,07,0,0,[]
prod-A,HAM_I,2026,08,0,0,[]
prod-A,HAM_I,2026,09,0,0,[]
prod-A,HAM_I,2026,10,0,0,[]
prod-A,HAM_I,2026,11,0,0,[]
prod-A,HAM_I,2026,12,0,0,[]
prod-A,HAM_I,2026,13,0,0,[]
prod-A,HAM_I,2026,14,0,0,[]
prod-A,HAM_I,2026,15,0,0,[]
prod-A,HAM_I,2026,16,0,0,[]
prod-A,HAM_I,2026,17,0,0,[]
prod-A,HAM_I,2026,18,0,0,[]
prod-A,HAM_I,2026,19,0,0,[]
prod-A,HAM_I,2026,20,0,0,[]
prod-A,HAM_I,2026,21,0,0,[]
prod-A,HAM_I,2026,22,0,0,[]
prod-A,HAM_I,2026,23,0,0,[]
prod-A,HAM_I,2026,24,0,0,[]
prod-A,HAM_I,2026,25,0,0,[]
prod-A,HAM_I,2026,26,0,0,[]
prod-A,HAM_I,2026,27,0,0,[]
prod-A,HAM_I,2026,28,0,0,[]
prod-A,HAM_I,2026,29,0,0,[]
prod-A,HAM_I,2026,30,0,0,[]
prod-A,HAM_I,2026,31,0,0,[]
prod-A,HAM_I,2026,32,0,0,[]
prod-A,HAM_I,2026,33,0,0,[]
prod-A,HAM_I,2026,34,0,0,[]
prod-A,HAM_I,2026,35,0,0,[]
prod-A,HAM_I,2026,36,0,0,[]
prod-A,HAM_I,2026,37,0,0,[]
prod-A,HAM_I,2026,38,0,0,[]
prod-A,HAM_I,2026,39,0,0,[]
prod-A,HAM_I,2026,40,0,0,[]
prod-A,HAM_I,2026,41,0,0,[]
prod-A,HAM_I,2026,42,0,0,[]
prod-A,HAM_I,2026,43,0,0,[]
prod-A,HAM_I,2026,44,0,0,[]
prod-A,HAM_I,2026,45,0,0,[]
prod-A,HAM_I,2026,46,0,0,[]
prod-A,HAM_I,2026,47,0,0,[]
prod-A,HAM_I,2026,48,0,0,[]
prod-A,HAM_I,2026,49,0,0,[]
prod-A,HAM_I,2026,50,0,0,[]
prod-A,HAM_I,2026,51,0,0,[]
prod-A,HAM_I,2026,52,0,0,[]
prod-A,HAM_I,2026,53,0,0,[]
prod-A,HAM_N,2025,01,0,0,[]
prod-A,HAM_N,2025,02,0,0,[]
prod-A,HAM_N,2025,03,0,0,[]
prod-A,HAM_N,2025,04,0,0,[]
prod-A,HAM_N,2025,05,0,0,[]
prod-A,HAM_N,2025,06,0,0,[]
prod-A,HAM_N,2025,07,0,0,[]
prod-A,HAM_N,2025,08,0,0,[]
prod-A,HAM_N,2025,09,0,0,[]
prod-A,HAM_N,2025,10,0,0,[]
prod-A,HAM_N,2025,11,0,0,[]
prod-A,HAM_N,2025,12,0,0,[]
prod-A,HAM_N,2025,13,0,0,[]
prod-A,HAM_N,2025,14,0,0,[]
prod-A,HAM_N,2025,15,0,0,[]
prod-A,HAM_N,2025,16,0,0,[]
prod-A,HAM_N,2025,17,0,0,[]
prod-A,HAM_N,2025,18,0,0,[]
prod-A,HAM_N,2025,19,0,0,[]
prod-A,HAM_N,2025,20,0,0,[]
prod-A,HAM_N,2025,21,0,0,[]
prod-A,HAM_N,2025,22,0,0,[]
prod-A,HAM_N,2025,23,0,0,[]
prod-A,HAM_N,2025,24,0,0,[]
prod-A,HAM_N,2025,25,0,0,[]
prod-A,HAM_N,2025,26,0,0,[]
prod-A,HAM_N,2025,27,0,0,[]
prod-A,HAM_N,2025,28,0,0,[]
prod-A,HAM_N,2025,29,0,0,[]
prod-A,HAM_N,2025,30,0,0,[]
prod-A,HAM_N,2025,31,0,0,[]
prod-A,HAM_N,2025,32,0,0,[]
prod-A,HAM_N,2025,33,0,0,[]
prod-A,HAM_N,2025,34,0,0,[]
prod-A,HAM_N,2025,35,0,0,[]
prod-A,HAM_N,2025,36,0,0,[]
prod-A,HAM_N,2025,37,0,0,[]
prod-A,HAM_N,2025,38,0,0,[]
prod-A,HAM_N,2025,39,0,0,[]
prod-A,HAM_N,2025,40,0,0,[]
prod-A,HAM_N,2025,41,0,0,[]
prod-A,HAM_N,2025,42,0,0,[]
prod-A,HAM_N,2025,43,0,0,[]
prod-A,HAM_N,2025,44,0,0,[]
prod-A,HAM_N,2025,45,0,0,[]
prod-A,HAM_N,2025,46,0,0,[]
prod-A,HAM_N,2025,47,0,0,[]
prod-A,HAM_N,2025,48,0,0,[]
prod-A,HAM_N,2025,49,0,0,[]
prod-A,HAM_N,2025,50,0,0,[]
prod-A,HAM_N,2025,51,0,0,[]
prod-A,HAM_N,2025,52,0,0,[]
prod-A,HAM_N,2026,01,0,0,[]
prod-A,HAM_N,2026,02,0,0,[]
prod-A,HAM_N,2026,03,0,0,[]
prod-A,HAM_N,2026,04,0,0,[]
prod-A,HAM_N,2026,05,0,0,[]
prod-A,HAM_N,2026,06,0,0,[]
prod-A,HAM_N,2026,07,0,0,[]
prod-A,HAM_N,2026,08,0,0,[]
prod-A,HAM_N,2026,09,0,0,[]
prod-A,HAM_N,2026,10,0,0,[]
prod-A,HAM_N,2026,11,0,0,[]
prod-A,HAM_N,2026,12,0,0,[]
prod-A,HAM_N,2026,13,0,0,[]
prod-A,HAM_N,2026,14,0,0,[]
prod-A,HAM_N,2026,15,0,0,[]
prod-A,HAM_N,2026,16,0,0,[]
prod-A,HAM_N,2026,17,0,0,[]
prod-A,HAM_N,2026,18,0,0,[]
prod-A,HAM_N,2026,19,0,0,[]
prod-A,HAM_N,2026,20,0,0,[]
prod-A,HAM_N,2026,21,0,0,[]
prod-A,HAM_N,2026,22,0,0,[]
prod-A,HAM_N,2026,23,0,0,[]
prod-A,HAM_N,2026,24,0,0,[]
prod-A,HAM_N,2026,25,0,0,[]
prod-A,HAM_N,2026,26,0,0,[]
prod-A,HAM_N,2026,27,0,0,[]
prod-A,HAM_N,2026,28,0,0,[]
prod-A,HAM_N,2026,29,0,0,[]
prod-A,HAM_N,2026,30,0,0,[]
prod-A,HAM_N,2026,31,0,0,[]
prod-A,HAM_N,2026,32,0,0,[]
prod-A,HAM_N,2026,33,0,0,[]
prod-A,HAM_N,2026,34,0,0,[]
prod-A,HAM_N,2026,35,0,0,[]
prod-A,HAM_N,2026,36,0,0,[]
prod-A,HAM_N,2026,37,0,0,[]
prod-A,HAM_N,2026,38,0,0,[]
prod-A,HAM_N,2026,39,0,0,[]
prod-A,HAM_N,2026,40,0,0,[]
prod-A,HAM_N,2026,41,0,0,[]
prod-A,HAM_N,2026,42,0,0,[]
prod-A,HAM_N,2026,43,0,0,[]
prod-A,HAM_N,2026,44,0,0,[]
prod-A,HAM_N,2026,45,0,0,[]
prod-A,HAM_N,2026,46,0,0,[]
prod-A,HAM_N,2026,47,0,0,[]
prod-A,HAM_N,2026,48,0,0,[]
prod-A,HAM_N,2026,49,0,0,[]
prod-A,HAM_N,2026,50,0,0,[]
prod-A,HAM_N,2026,51,0,0,[]
prod-A,HAM_N,2026,52,0,0,[]
prod-A,HAM_N,2026,53,0,0,[]
prod-A,JPN,2025,01,0,0,[]
prod-A,JPN,2025,02,0,0,[]
prod-A,JPN,2025,03,0,0,[]
prod-A,JPN,2025,04,0,0,[]
prod-A,JPN,2025,05,0,0,[]
prod-A,JPN,2025,06,0,0,[]
prod-A,JPN,2025,07,0,0,[]
prod-A,JPN,2025,08,0,0,[]
prod-A,JPN,2025,09,0,0,[]
prod-A,JPN,2025,10,0,0,[]
prod-A,JPN,2025,11,0,0,[]
prod-A,JPN,2025,12,0,0,[]
prod-A,JPN,2025,13,0,0,[]
prod-A,JPN,2025,14,0,0,[]
prod-A,JPN,2025,15,0,0,[]
prod-A,JPN,2025,16,0,0,[]
prod-A,JPN,2025,17,0,0,[]
prod-A,JPN,2025,18,0,0,[]
prod-A,JPN,2025,19,0,0,[]
prod-A,JPN,2025,20,0,0,[]
prod-A,JPN,2025,21,0,0,[]
prod-A,JPN,2025,22,0,0,[]
prod-A,JPN,2025,23,0,0,[]
prod-A,JPN,2025,24,0,0,[]
prod-A,JPN,2025,25,0,0,[]
prod-A,JPN,2025,26,0,0,[]
prod-A,JPN,2025,27,0,0,[]
prod-A,JPN,2025,28,0,0,[]
prod-A,JPN,2025,29,0,0,[]
prod-A,JPN,2025,30,0,0,[]
prod-A,JPN,2025,31,0,0,[]
prod-A,JPN,2025,32,0,0,[]
prod-A,JPN,2025,33,0,0,[]
prod-A,JPN,2025,34,0,0,[]
prod-A,JPN,2025,35,0,0,[]
prod-A,JPN,2025,36,0,0,[]
prod-A,JPN,2025,37,0,0,[]
prod-A,JPN,2025,38,0,0,[]
prod-A,JPN,2025,39,0,0,[]
prod-A,JPN,2025,40,0,0,[]
prod-A,JPN,2025,41,0,0,[]
prod-A,JPN,2025,42,0,0,[]
prod-A,JPN,2025,43,0,0,[]
prod-A,JPN,2025,44,0,0,[]
prod-A,JPN,2025,45,0,0,[]
prod-A,JPN,2025,46,0,0,[]
prod-A,JPN,2025,47,0,0,[]
prod-A,JPN,2025,48,0,0,[]
prod-A,JPN,2025,49,0,0,[]
prod-A,JPN,2025,50,0,0,[]
prod-A,JPN,2025,51,0,0,[]
prod-A,JPN,2025,52,0,0,[]
prod-A,JPN,2026,01,0,0,[]
prod-A,JPN,2026,02,0,0,[]
prod-A,JPN,2026,03,0,0,[]
prod-A,JPN,2026,04,0,0,[]
prod-A,JPN,2026,05,0,0,[]
prod-A,JPN,2026,06,0,0,[]
prod-A,JPN,2026,07,0,0,[]
prod-A,JPN,2026,08,0,0,[]
prod-A,JPN,2026,09,0,0,[]
prod-A,JPN,2026,10,0,0,[]
prod-A,JPN,2026,11,0,0,[]
prod-A,JPN,2026,12,0,0,[]
prod-A,JPN,2026,13,0,0,[]
prod-A,JPN,2026,14,0,0,[]
prod-A,JPN,2026,15,0,0,[]
prod-A,JPN,2026,16,0,0,[]
prod-A,JPN,2026,17,0,0,[]
prod-A,JPN,2026,18,0,0,[]
prod-A,JPN,2026,19,0,0,[]
prod-A,JPN,2026,20,0,0,[]
prod-A,JPN,2026,21,0,0,[]
prod-A,JPN,2026,22,0,0,[]
prod-A,JPN,2026,23,0,0,[]
prod-A,JPN,2026,24,0,0,[]
prod-A,JPN,2026,25,0,0,[]
prod-A,JPN,2026,26,0,0,[]
prod-A,JPN,2026,27,0,0,[]
prod-A,JPN,2026,28,0,0,[]
prod-A,JPN,2026,29,0,0,[]
prod-A,JPN,2026,30,0,0,[]
prod-A,JPN,2026,31,0,0,[]
prod-A,JPN,2026,32,0,0,[]
prod-A,JPN,2026,33,0,0,[]
prod-A,JPN,2026,34,0,0,[]
prod-A,JPN,2026,35,0,0,[]
prod-A,JPN,2026,36,0,0,[]
prod-A,JPN,2026,37,0,0,[]
prod-A,JPN,2026,38,0,0,[]
prod-A,JPN,2026,39,0,0,[]
prod-A,JPN,2026,40,0,0,[]
prod-A,JPN,2026,41,0,0,[]
prod-A,JPN,2026,42,0,0,[]
prod-A,JPN,2026,43,0,0,[]
prod-A,JPN,2026,44,0,0,[]
prod-A,JPN,2026,45,0,0,[]
prod-A,JPN,2026,46,0,0,[]
prod-A,JPN,2026,47,0,0,[]
prod-A,JPN,2026,48,0,0,[]
prod-A,JPN,2026,49,0,0,[]
prod-A,JPN,2026,50,0,0,[]
prod-A,JPN,2026,51,0,0,[]
prod-A,JPN,2026,52,0,0,[]
prod-A,JPN,2026,53,0,0,[]
prod-A,LAX,2025,01,0,0,[]
prod-A,LAX,2025,02,0,0,[]
prod-A,LAX,2025,03,0,0,[]
prod-A,LAX,2025,04,0,0,[]
prod-A,LAX,2025,05,0,0,[]
prod-A,LAX,2025,06,0,0,[]
prod-A,LAX,2025,07,0,0,[]
prod-A,LAX,2025,08,0,0,[]
prod-A,LAX,2025,09,0,0,[]
prod-A,LAX,2025,10,0,0,[]
prod-A,LAX,2025,11,0,0,[]
prod-A,LAX,2025,12,0,0,[]
prod-A,LAX,2025,13,0,0,[]
prod-A,LAX,2025,14,0,0,[]
prod-A,LAX,2025,15,0,0,[]
prod-A,LAX,2025,16,0,0,[]
prod-A,LAX,2025,17,0,0,[]
prod-A,LAX,2025,18,0,0,[]
prod-A,LAX,2025,19,0,0,[]
prod-A,LAX,2025,20,0,0,[]
prod-A,LAX,2025,21,0,0,[]
prod-A,LAX,2025,22,0,0,[]
prod-A,LAX,2025,23,0,0,[]
prod-A,LAX,2025,24,0,0,[]
prod-A,LAX,2025,25,0,0,[]
prod-A,LAX,2025,26,0,0,[]
prod-A,LAX,2025,27,0,0,[]
prod-A,LAX,2025,28,0,0,[]
prod-A,LAX,2025,29,0,0,[]
prod-A,LAX,2025,30,0,0,[]
prod-A,LAX,2025,31,0,0,[]
prod-A,LAX,2025,32,0,0,[]
prod-A,LAX,2025,33,0,0,[]
prod-A,LAX,2025,34,0,0,[]
prod-A,LAX,2025,35,0,0,[]
prod-A,LAX,2025,36,0,0,[]
prod-A,LAX,2025,37,0,0,[]
prod-A,LAX,2025,38,0,0,[]
prod-A,LAX,2025,39,0,0,[]
prod-A,LAX,2025,40,0,0,[]
prod-A,LAX,2025,41,0,0,[]
prod-A,LAX,2025,42,0,0,[]
prod-A,LAX,2025,43,0,0,[]
prod-A,LAX,2025,44,0,0,[]
prod-A,LAX,2025,45,0,0,[]
prod-A,LAX,2025,46,0,0,[]
prod-A,LAX,2025,47,0,0,[]
prod-A,LAX,2025,48,0,0,[]
prod-A,LAX,2025,49,0,0,[]
prod-A,LAX,2025,50,0,0,[]
prod-A,LAX,2025,51,0,0,[]
prod-A,LAX,2025,52,0,0,[]
prod-A,LAX,2026,01,0,0,[]
prod-A,LAX_D,2025,01,0,0,[]
prod-A,LAX_D,2025,02,0,0,[]
prod-A,LAX_D,2025,03,0,0,[]
prod-A,LAX_D,2025,04,0,0,[]
prod-A,LAX_D,2025,05,0,0,[]
prod-A,LAX_D,2025,06,0,0,[]
prod-A,LAX_D,2025,07,0,0,[]
prod-A,LAX_D,2025,08,0,0,[]
prod-A,LAX_D,2025,09,0,0,[]
prod-A,LAX_D,2025,10,0,0,[]
prod-A,LAX_D,2025,11,0,0,[]
prod-A,LAX_D,2025,12,0,0,[]
prod-A,LAX_D,2025,13,0,0,[]
prod-A,LAX_D,2025,14,0,0,[]
prod-A,LAX_D,2025,15,0,0,[]
prod-A,LAX_D,2025,16,0,0,[]
prod-A,LAX_D,2025,17,0,0,[]
prod-A,LAX_D,2025,18,0,0,[]
prod-A,LAX_D,2025,19,0,0,[]
prod-A,LAX_D,2025,20,0,0,[]
prod-A,LAX_D,2025,21,0,0,[]
prod-A,LAX_D,2025,22,0,0,[]
prod-A,LAX_D,2025,23,0,0,[]
prod-A,LAX_D,2025,24,0,0,[]
prod-A,LAX_D,2025,25,0,0,[]
prod-A,LAX_D,2025,26,0,0,[]
prod-A,LAX_D,2025,27,0,0,[]
prod-A,LAX_D,2025,28,0,0,[]
prod-A,LAX_D,2025,29,0,0,[]
prod-A,LAX_D,2025,30,0,0,[]
prod-A,LAX_D,2025,31,0,0,[]
prod-A,LAX_D,2025,32,0,0,[]
prod-A,LAX_D,2025,33,0,0,[]
prod-A,LAX_D,2025,34,0,0,[]
prod-A,LAX_D,2025,35,0,0,[]
prod-A,LAX_D,2025,36,0,0,[]
prod-A,LAX_D,2025,37,0,0,[]
prod-A,LAX_D,2025,38,0,0,[]
prod-A,LAX_D,2025,39,0,0,[]
prod-A,LAX_D,2025,40,0,0,[]
prod-A,LAX_D,2025,41,0,0,[]
prod-A,LAX_D,2025,42,0,0,[]
prod-A,LAX_D,2025,43,0,0,[]
prod-A,LAX_D,2025,44,0,0,[]
prod-A,LAX_D,2025,45,0,0,[]
prod-A,LAX_D,2025,46,0,0,[]
prod-A,LAX_D,2025,47,0,0,[]
prod-A,LAX_D,2025,48,0,0,[]
prod-A,LAX_D,2025,49,0,0,[]
prod-A,LAX_D,2025,50,0,0,[]
prod-A,LAX_D,2025,51,0,0,[]
prod-A,LAX_D,2025,52,0,0,[]
prod-A,LAX_D,2026,01,0,0,[]
prod-A,LAX_D,2026,02,0,0,[]
prod-A,LAX_D,2026,03,0,0,[]
prod-A,LAX_D,2026,04,0,0,[]
prod-A,LAX_D,2026,05,0,0,[]
prod-A,LAX_D,2026,06,0,0,[]
prod-A,LAX_D,2026,07,0,0,[]
prod-A,LAX_D,2026,08,0,0,[]
prod-A,LAX_D,2026,09,0,0,[]
prod-A,LAX_D,2026,10,0,0,[]
prod-A,LAX_D,2026,11,0,0,[]
prod-A,LAX_D,2026,12,0,0,[]
prod-A,LAX_D,2026,13,0,0,[]
prod-A,LAX_D,2026,14,0,0,[]
prod-A,LAX_D,2026,15,0,0,[]
prod-A,LAX_D,2026,16,0,0,[]
prod-A,LAX_D,2026,17,0,0,[]
prod-A,LAX_D,2026,18,0,0,[]
prod-A,LAX_D,2026,19,0,0,[]
prod-A,LAX_D,2026,20,0,0,[]
prod-A,LAX_D,2026,21,0,0,[]
prod-A,LAX_D,2026,22,0,0,[]
prod-A,LAX_D,2026,23,0,0,[]
prod-A,LAX_D,2026,24,0,0,[]
prod-A,LAX_D,2026,25,0,0,[]
prod-A,LAX_D,2026,26,0,0,[]
prod-A,LAX_D,2026,27,0,0,[]
prod-A,LAX_D,2026,28,0,0,[]
prod-A,LAX_D,2026,29,0,0,[]
prod-A,LAX_D,2026,30,0,0,[]
prod-A,LAX_D,2026,31,0,0,[]
prod-A,LAX_D,2026,32,0,0,[]
prod-A,LAX_D,2026,33,0,0,[]
prod-A,LAX_D,2026,34,0,0,[]
prod-A,LAX_D,2026,35,0,0,[]
prod-A,LAX_D,2026,36,0,0,[]
prod-A,LAX_D,2026,37,0,0,[]
prod-A,LAX_D,2026,38,0,0,[]
prod-A,LAX_D,2026,39,0,0,[]
prod-A,LAX_D,2026,40,0,0,[]
prod-A,LAX_D,2026,41,0,0,[]
prod-A,LAX_D,2026,42,0,0,[]
prod-A,LAX_D,2026,43,0,0,[]
prod-A,LAX_D,2026,44,0,0,[]
prod-A,LAX_D,2026,45,0,0,[]
prod-A,LAX_D,2026,46,0,0,[]
prod-A,LAX_D,2026,47,0,0,[]
prod-A,LAX_D,2026,48,0,0,[]
prod-A,LAX_D,2026,49,0,0,[]
prod-A,LAX_D,2026,50,0,0,[]
prod-A,LAX_D,2026,51,0,0,[]
prod-A,LAX_D,2026,52,0,0,[]
prod-A,LAX_D,2026,53,0,0,[]
prod-A,LAX_I,2025,01,0,0,[]
prod-A,LAX_I,2025,02,0,0,[]
prod-A,LAX_I,2025,03,0,0,[]
prod-A,LAX_I,2025,04,0,0,[]
prod-A,LAX_I,2025,05,0,0,[]
prod-A,LAX_I,2025,06,0,0,[]
prod-A,LAX_I,2025,07,0,0,[]
prod-A,LAX_I,2025,08,0,0,[]
prod-A,LAX_I,2025,09,0,0,[]
prod-A,LAX_I,2025,10,0,0,[]
prod-A,LAX_I,2025,11,0,0,[]
prod-A,LAX_I,2025,12,0,0,[]
prod-A,LAX_I,2025,13,0,0,[]
prod-A,LAX_I,2025,14,0,0,[]
prod-A,LAX_I,2025,15,0,0,[]
prod-A,LAX_I,2025,16,0,0,[]
prod-A,LAX_I,2025,17,0,0,[]
prod-A,LAX_I,2025,18,0,0,[]
prod-A,LAX_I,2025,19,0,0,[]
prod-A,LAX_I,2025,20,0,0,[]
prod-A,LAX_I,2025,21,0,0,[]
prod-A,LAX_I,2025,22,0,0,[]
prod-A,LAX_I,2025,23,0,0,[]
prod-A,LAX_I,2025,24,0,0,[]
prod-A,LAX_I,2025,25,0,0,[]
prod-A,LAX_I,2025,26,0,0,[]
prod-A,LAX_I,2025,27,0,0,[]
prod-A,LAX_I,2025,28,0,0,[]
prod-A,LAX_I,2025,29,0,0,[]
prod-A,LAX_I,2025,30,0,0,[]
prod-A,LAX_I,2025,31,0,0,[]
prod-A,LAX_I,2025,32,0,0,[]
prod-A,LAX_I,2025,33,0,0,[]
prod-A,LAX_I,2025,34,0,0,[]
prod-A,LAX_I,2025,35,0,0,[]
prod-A,LAX_I,2025,36,0,0,[]
prod-A,LAX_I,2025,37,0,0,[]
prod-A,LAX_I,2025,38,0,0,[]
prod-A,LAX_I,2025,39,0,0,[]
prod-A,LAX_I,2025,40,0,0,[]
prod-A,LAX_I,2025,41,0,0,[]
prod-A,LAX_I,2025,42,0,0,[]
prod-A,LAX_I,2025,43,0,0,[]
prod-A,LAX_I,2025,44,0,0,[]
prod-A,LAX_I,2025,45,0,0,[]
prod-A,LAX_I,2025,46,0,0,[]
prod-A,LAX_I,2025,47,0,0,[]
prod-A,LAX_I,2025,48,0,0,[]
prod-A,LAX_I,2025,49,0,0,[]
prod-A,LAX_I,2025,50,0,0,[]
prod-A,LAX_I,2025,51,0,0,[]
prod-A,LAX_I,2025,52,0,0,[]
prod-A,LAX_I,2026,01,0,0,[]
prod-A,LAX_I,2026,02,0,0,[]
prod-A,LAX_I,2026,03,0,0,[]
prod-A,LAX_I,2026,04,0,0,[]
prod-A,LAX_I,2026,05,0,0,[]
prod-A,LAX_I,2026,06,0,0,[]
prod-A,LAX_I,2026,07,0,0,[]
prod-A,LAX_I,2026,08,0,0,[]
prod-A,LAX_I,2026,09,0,0,[]
prod-A,LAX_I,2026,10,0,0,[]
prod-A,LAX_I,2026,11,0,0,[]
prod-A,LAX_I,2026,12,0,0,[]
prod-A,LAX_I,2026,13,0,0,[]
prod-A,LAX_I,2026,14,0,0,[]
prod-A,LAX_I,2026,15,0,0,[]
prod-A,LAX_I,2026,16,0,0,[]
prod-A,LAX_I,2026,17,0,0,[]
prod-A,LAX_I,2026,18,0,0,[]
prod-A,LAX_I,2026,19,0,0,[]
prod-A,LAX_I,2026,20,0,0,[]
prod-A,LAX_I,2026,21,0,0,[]
prod-A,LAX_I,2026,22,0,0,[]
prod-A,LAX_I,2026,23,0,0,[]
prod-A,LAX_I,2026,24,0,0,[]
prod-A,LAX_I,2026,25,0,0,[]
prod-A,LAX_I,2026,26,0,0,[]
prod-A,LAX_I,2026,27,0,0,[]
prod-A,LAX_I,2026,28,0,0,[]
prod-A,LAX_I,2026,29,0,0,[]
prod-A,LAX_I,2026,30,0,0,[]
prod-A,LAX_I,2026,31,0,0,[]
prod-A,LAX_I,2026,32,0,0,[]
prod-A,LAX_I,2026,33,0,0,[]
prod-A,LAX_I,2026,34,0,0,[]
prod-A,LAX_I,2026,35,0,0,[]
prod-A,LAX_I,2026,36,0,0,[]
prod-A,LAX_I,2026,37,0,0,[]
prod-A,LAX_I,2026,38,0,0,[]
prod-A,LAX_I,2026,39,0,0,[]
prod-A,LAX_I,2026,40,0,0,[]
prod-A,LAX_I,2026,41,0,0,[]
prod-A,LAX_I,2026,42,0,0,[]
prod-A,LAX_I,2026,43,0,0,[]
prod-A,LAX_I,2026,44,0,0,[]
prod-A,LAX_I,2026,45,0,0,[]
prod-A,LAX_I,2026,46,0,0,[]
prod-A,LAX_I,2026,47,0,0,[]
prod-A,LAX_I,2026,48,0,0,[]
prod-A,LAX_I,2026,49,0,0,[]
prod-A,LAX_I,2026,50,0,0,[]
prod-A,LAX_I,2026,51,0,0,[]
prod-A,LAX_I,2026,52,0,0,[]
prod-A,LAX_I,2026,53,0,0,[]
prod-A,LAX_N,2025,01,0,0,[]
prod-A,LAX_N,2025,02,0,0,[]
prod-A,LAX_N,2025,03,0,0,[]
prod-A,LAX_N,2025,04,0,0,[]
prod-A,LAX_N,2025,05,0,0,[]
prod-A,LAX_N,2025,06,0,0,[]
prod-A,LAX_N,2025,07,0,0,[]
prod-A,LAX_N,2025,08,0,0,[]
prod-A,LAX_N,2025,09,0,0,[]
prod-A,LAX_N,2025,10,0,0,[]
prod-A,LAX_N,2025,11,0,0,[]
prod-A,LAX_N,2025,12,0,0,[]
prod-A,LAX_N,2025,13,0,0,[]
prod-A,LAX_N,2025,14,0,0,[]
prod-A,LAX_N,2025,15,0,0,[]
prod-A,LAX_N,2025,16,0,0,[]
prod-A,LAX_N,2025,17,0,0,[]
prod-A,LAX_N,2025,18,0,0,[]
prod-A,LAX_N,2025,19,0,0,[]
prod-A,LAX_N,2025,20,0,0,[]
prod-A,LAX_N,2025,21,0,0,[]
prod-A,LAX_N,2025,22,0,0,[]
prod-A,LAX_N,2025,23,0,0,[]
prod-A,LAX_N,2025,24,0,0,[]
prod-A,LAX_N,2025,25,0,0,[]
prod-A,LAX_N,2025,26,0,0,[]
prod-A,LAX_N,2025,27,0,0,[]
prod-A,LAX_N,2025,28,0,0,[]
prod-A,LAX_N,2025,29,0,0,[]
prod-A,LAX_N,2025,30,0,0,[]
prod-A,LAX_N,2025,31,0,0,[]
prod-A,LAX_N,2025,32,0,0,[]
prod-A,LAX_N,2025,33,0,0,[]
prod-A,LAX_N,2025,34,0,0,[]
prod-A,LAX_N,2025,35,0,0,[]
prod-A,LAX_N,2025,36,0,0,[]
prod-A,LAX_N,2025,37,0,0,[]
prod-A,LAX_N,2025,38,0,0,[]
prod-A,LAX_N,2025,39,0,0,[]
prod-A,LAX_N,2025,40,0,0,[]
prod-A,LAX_N,2025,41,0,0,[]
prod-A,LAX_N,2025,42,0,0,[]
prod-A,LAX_N,2025,43,0,0,[]
prod-A,LAX_N,2025,44,0,0,[]
prod-A,LAX_N,2025,45,0,0,[]
prod-A,LAX_N,2025,46,0,0,[]
prod-A,LAX_N,2025,47,0,0,[]
prod-A,LAX_N,2025,48,0,0,[]
prod-A,LAX_N,2025,49,0,0,[]
prod-A,LAX_N,2025,50,0,0,[]
prod-A,LAX_N,2025,51,0,0,[]
prod-A,LAX_N,2025,52,0,0,[]
prod-A,LAX_N,2026,01,0,0,[]
prod-A,LAX_N,2026,02,0,0,[]
prod-A,LAX_N,2026,03,0,0,[]
prod-A,LAX_N,2026,04,0,0,[]
prod-A,LAX_N,2026,05,0,0,[]
prod-A,LAX_N,2026,06,0,0,[]
prod-A,LAX_N,2026,07,0,0,[]
prod-A,LAX_N,2026,08,0,0,[]
prod-A,LAX_N,2026,09,0,0,[]
prod-A,LAX_N,2026,10,0,0,[]
prod-A,LAX_N,2026,11,0,0,[]
prod-A,LAX_N,2026,12,0,0,[]
prod-A,LAX_N,2026,13,0,0,[]
prod-A,LAX_N,2026,14,0,0,[]
prod-A,LAX_N,2026,15,0,0,[]
prod-A,LAX_N,2026,16,0,0,[]
prod-A,LAX_N,2026,17,0,0,[]
prod-A,LAX_N,2026,18,0,0,[]
prod-A,LAX_N,2026,19,0,0,[]
prod-A,LAX_N,2026,20,0,0,[]
prod-A,LAX_N,2026,21,0,0,[]
prod-A,LAX_N,2026,22,0,0,[]
prod-A,LAX_N,2026,23,0,0,[]
prod-A,LAX_N,2026,24,0,0,[]
prod-A,LAX_N,2026,25,0,0,[]
prod-A,LAX_N,2026,26,0,0,[]
prod-A,LAX_N,2026,27,0,0,[]
prod-A,LAX_N,2026,28,0,0,[]
prod-A,LAX_N,2026,29,0,0,[]
prod-A,LAX_N,2026,30,0,0,[]
prod-A,LAX_N,2026,31,0,0,[]
prod-A,LAX_N,2026,32,0,0,[]
prod-A,LAX_N,2026,33,0,0,[]
prod-A,LAX_N,2026,34,0,0,[]
prod-A,LAX_N,2026,35,0,0,[]
prod-A,LAX_N,2026,36,0,0,[]
prod-A,LAX_N,2026,37,0,0,[]
prod-A,LAX_N,2026,38,0,0,[]
prod-A,LAX_N,2026,39,0,0,[]
prod-A,LAX_N,2026,40,0,0,[]
prod-A,LAX_N,2026,41,0,0,[]
prod-A,LAX_N,2026,42,0,0,[]
prod-A,LAX_N,2026,43,0,0,[]
prod-A,LAX_N,2026,44,0,0,[]
prod-A,LAX_N,2026,45,0,0,[]
prod-A,LAX_N,2026,46,0,0,[]
prod-A,LAX_N,2026,47,0,0,[]
prod-A,LAX_N,2026,48,0,0,[]
prod-A,LAX_N,2026,49,0,0,[]
prod-A,LAX_N,2026,50,0,0,[]
prod-A,LAX_N,2026,51,0,0,[]
prod-A,LAX_N,2026,52,0,0,[]
prod-A,LAX_N,2026,53,0,0,[]
prod-A,MUC,2025,01,0,0,[]
prod-A,MUC,2025,02,0,0,[]
prod-A,MUC,2025,03,0,0,[]
prod-A,MUC,2025,04,0,0,[]
prod-A,MUC,2025,05,0,0,[]
prod-A,MUC,2025,06,0,0,[]
prod-A,MUC,2025,07,0,0,[]
prod-A,MUC,2025,08,0,0,[]
prod-A,MUC,2025,09,0,0,[]
prod-A,MUC,2025,10,0,0,[]
prod-A,MUC,2025,11,0,0,[]
prod-A,MUC,2025,12,0,0,[]
prod-A,MUC,2025,13,0,0,[]
prod-A,MUC,2025,14,0,0,[]
prod-A,MUC,2025,15,0,0,[]
prod-A,MUC,2025,16,0,0,[]
prod-A,MUC,2025,17,0,0,[]
prod-A,MUC,2025,18,0,0,[]
prod-A,MUC,2025,19,0,0,[]
prod-A,MUC,2025,20,0,0,[]
prod-A,MUC,2025,21,0,0,[]
prod-A,MUC,2025,22,0,0,[]
prod-A,MUC,2025,23,0,0,[]
prod-A,MUC,2025,24,0,0,[]
prod-A,MUC,2025,25,0,0,[]
prod-A,MUC,2025,26,0,0,[]
prod-A,MUC,2025,27,0,0,[]
prod-A,MUC,2025,28,0,0,[]
prod-A,MUC,2025,29,0,0,[]
prod-A,MUC,2025,30,0,0,[]
prod-A,MUC,2025,31,0,0,[]
prod-A,MUC,2025,32,0,0,[]
prod-A,MUC,2025,33,0,0,[]
prod-A,MUC,2025,34,0,0,[]
prod-A,MUC,2025,35,0,0,[]
prod-A,MUC,2025,36,0,0,[]
prod-A,MUC,2025,37,0,0,[]
prod-A,MUC,2025,38,0,0,[]
prod-A,MUC,2025,39,0,0,[]
prod-A,MUC,2025,40,0,0,[]
prod-A,MUC,2025,41,0,0,[]
prod-A,MUC,2025,42,0,0,[]
prod-A,MUC,2025,43,0,0,[]
prod-A,MUC,2025,44,0,0,[]
prod-A,MUC,2025,45,0,0,[]
prod-A,MUC,2025,46,0,0,[]
prod-A,MUC,2025,47,0,0,[]
prod-A,MUC,2025,48,0,0,[]
prod-A,MUC,2025,49,0,0,[]
prod-A,MUC,2025,50,0,0,[]
prod-A,MUC,2025,51,0,0,[]
prod-A,MUC,2025,52,0,0,[]
prod-A,MUC,2026,01,0,0,[]
prod-A,MUC,2026,02,0,0,[]
prod-A,MUC,2026,03,0,0,[]
prod-A,MUC,2026,04,0,0,[]
prod-A,MUC,2026,05,0,0,[]
prod-A,MUC,2026,06,0,0,[]
prod-A,MUC,2026,07,0,0,[]
prod-A,MUC,2026,08,0,0,[]
prod-A,MUC,2026,09,0,0,[]
prod-A,MUC,2026,10,0,0,[]
prod-A,MUC,2026,11,0,0,[]
prod-A,MUC,2026,12,0,0,[]
prod-A,MUC,2026,13,0,0,[]
prod-A,MUC,2026,14,0,0,[]
prod-A,MUC,2026,15,0,0,[]
prod-A,MUC,2026,16,0,0,[]
prod-A,MUC,2026,17,0,0,[]
prod-A,MUC,2026,18,0,0,[]
prod-A,MUC,2026,19,0,0,[]
prod-A,MUC,2026,20,0,0,[]
prod-A,MUC,2026,21,0,0,[]
prod-A,MUC,2026,22,0,0,[]
prod-A,MUC,2026,23,0,0,[]
prod-A,MUC,2026,24,0,0,[]
prod-A,MUC,2026,25,0,0,[]
prod-A,MUC,2026,26,0,0,[]
prod-A,MUC,2026,27,0,0,[]
prod-A,MUC,2026,28,0,0,[]
prod-A,MUC,2026,29,0,0,[]
prod-A,MUC,2026,30,0,0,[]
prod-A,MUC,2026,31,0,0,[]
prod-A,MUC,2026,32,0,0,[]
prod-A,MUC,2026,33,0,0,[]
prod-A,MUC,2026,34,0,0,[]
prod-A,MUC,2026,35,0,0,[]
prod-A,MUC,2026,36,0,0,[]
prod-A,MUC,2026,37,0,0,[]
prod-A,MUC,2026,38,0,0,[]
prod-A,MUC,2026,39,0,0,[]
prod-A,MUC,2026,40,0,0,[]
prod-A,MUC,2026,41,0,0,[]
prod-A,MUC,2026,42,0,0,[]
prod-A,MUC,2026,43,0,0,[]
prod-A,MUC,2026,44,0,0,[]
prod-A,MUC,2026,45,0,0,[]
prod-A,MUC,2026,46,0,0,[]
prod-A,MUC,2026,47,0,0,[]
prod-A,MUC,2026,48,0,0,[]
prod-A,MUC,2026,49,0,0,[]
prod-A,MUC,2026,50,0,0,[]
prod-A,MUC,2026,51,0,0,[]
prod-A,MUC,2026,52,0,0,[]
prod-A,MUC,2026,53,0,0,[]
prod-A,MUC_D,2025,01,0,0,[]
prod-A,MUC_D,2025,02,0,0,[]
prod-A,MUC_D,2025,03,0,0,[]
prod-A,MUC_D,2025,04,0,0,[]
prod-A,MUC_D,2025,05,0,0,[]
prod-A,MUC_D,2025,06,0,0,[]
prod-A,MUC_D,2025,07,0,0,[]
prod-A,MUC_D,2025,08,0,0,[]
prod-A,MUC_D,2025,09,0,0,[]
prod-A,MUC_D,2025,10,0,0,[]
prod-A,MUC_D,2025,11,0,0,[]
prod-A,MUC_D,2025,12,0,0,[]
prod-A,MUC_D,2025,13,0,0,[]
prod-A,MUC_D,2025,14,0,0,[]
prod-A,MUC_D,2025,15,0,0,[]
prod-A,MUC_D,2025,16,0,0,[]
prod-A,MUC_D,2025,17,0,0,[]
prod-A,MUC_D,2025,18,0,0,[]
prod-A,MUC_D,2025,19,0,0,[]
prod-A,MUC_D,2025,20,0,0,[]
prod-A,MUC_D,2025,21,0,0,[]
prod-A,MUC_D,2025,22,0,0,[]
prod-A,MUC_D,2025,23,0,0,[]
prod-A,MUC_D,2025,24,0,0,[]
prod-A,MUC_D,2025,25,0,0,[]
prod-A,MUC_D,2025,26,0,0,[]
prod-A,MUC_D,2025,27,0,0,[]
prod-A,MUC_D,2025,28,0,0,[]
prod-A,MUC_D,2025,29,0,0,[]
prod-A,MUC_D,2025,30,0,0,[]
prod-A,MUC_D,2025,31,0,0,[]
prod-A,MUC_D,2025,32,0,0,[]
prod-A,MUC_D,2025,33,0,0,[]
prod-A,MUC_D,2025,34,0,0,[]
prod-A,MUC_D,2025,35,0,0,[]
prod-A,MUC_D,2025,36,0,0,[]
prod-A,MUC_D,2025,37,0,0,[]
prod-A,MUC_D,2025,38,0,0,[]
prod-A,MUC_D,2025,39,0,0,[]
prod-A,MUC_D,2025,40,0,0,[]
prod-A,MUC_D,2025,41,0,0,[]
prod-A,MUC_D,2025,42,0,0,[]
prod-A,MUC_D,2025,43,0,0,[]
prod-A,MUC_D,2025,44,0,0,[]
prod-A,MUC_D,2025,45,0,0,[]
prod-A,MUC_D,2025,46,0,0,[]
prod-A,MUC_D,2025,47,0,0,[]
prod-A,MUC_D,2025,48,0,0,[]
prod-A,MUC_D,2025,49,0,0,[]
prod-A,MUC_D,2025,50,0,0,[]
prod-A,MUC_D,2025,51,0,0,[]
prod-A,MUC_D,2025,52,0,0,[]
prod-A,MUC_D,2026,01,0,0,[]
prod-A,MUC_D,2026,02,0,0,[]
prod-A,MUC_D,2026,03,0,0,[]
prod-A,MUC_D,2026,04,0,0,[]
prod-A,MUC_D,2026,05,0,0,[]
prod-A,MUC_D,2026,06,0,0,[]
prod-A,MUC_D,2026,07,0,0,[]
prod-A,MUC_D,2026,08,0,0,[]
prod-A,MUC_D,2026,09,0,0,[]
prod-A,MUC_D,2026,10,0,0,[]
prod-A,MUC_D,2026,11,0,0,[]
prod-A,MUC_D,2026,12,0,0,[]
prod-A,MUC_D,2026,13,0,0,[]
prod-A,MUC_D,2026,14,0,0,[]
prod-A,MUC_D,2026,15,0,0,[]
prod-A,MUC_D,2026,16,0,0,[]
prod-A,MUC_D,2026,17,0,0,[]
prod-A,MUC_D,2026,18,0,0,[]
prod-A,MUC_D,2026,19,0,0,[]
prod-A,MUC_D,2026,20,0,0,[]
prod-A,MUC_D,2026,21,0,0,[]
prod-A,MUC_D,2026,22,0,0,[]
prod-A,MUC_D,2026,23,0,0,[]
prod-A,MUC_D,2026,24,0,0,[]
prod-A,MUC_D,2026,25,0,0,[]
prod-A,MUC_D,2026,26,0,0,[]
prod-A,MUC_D,2026,27,0,0,[]
prod-A,MUC_D,2026,28,0,0,[]
prod-A,MUC_D,2026,29,0,0,[]
prod-A,MUC_D,2026,30,0,0,[]
prod-A,MUC_D,2026,31,0,0,[]
prod-A,MUC_D,2026,32,0,0,[]
prod-A,MUC_D,2026,33,0,0,[]
prod-A,MUC_D,2026,34,0,0,[]
prod-A,MUC_D,2026,35,0,0,[]
prod-A,MUC_D,2026,36,0,0,[]
prod-A,MUC_D,2026,37,0,0,[]
prod-A,MUC_D,2026,38,0,0,[]
prod-A,MUC_D,2026,39,0,0,[]
prod-A,MUC_D,2026,40,0,0,[]
prod-A,MUC_D,2026,41,0,0,[]
prod-A,MUC_D,2026,42,0,0,[]
prod-A,MUC_D,2026,43,0,0,[]
prod-A,MUC_D,2026,44,0,0,[]
prod-A,MUC_D,2026,45,0,0,[]
prod-A,MUC_D,2026,46,0,0,[]
prod-A,MUC_D,2026,47,0,0,[]
prod-A,MUC_D,2026,48,0,0,[]
prod-A,MUC_D,2026,49,0,0,[]
prod-A,MUC_D,2026,50,0,0,[]
prod-A,MUC_D,2026,51,0,0,[]
prod-A,MUC_D,2026,52,0,0,[]
prod-A,MUC_D,2026,53,0,0,[]
prod-A,MUC_I,2025,01,0,0,[]
prod-A,MUC_I,2025,02,0,0,[]
prod-A,MUC_I,2025,03,0,0,[]
prod-A,MUC_I,2025,04,0,0,[]
prod-A,MUC_I,2025,05,0,0,[]
prod-A,MUC_I,2025,06,0,0,[]
prod-A,MUC_I,2025,07,0,0,[]
prod-A,MUC_I,2025,08,0,0,[]
prod-A,MUC_I,2025,09,0,0,[]
prod-A,MUC_I,2025,10,0,0,[]
prod-A,MUC_I,2025,11,0,0,[]
prod-A,MUC_I,2025,12,0,0,[]
prod-A,MUC_I,2025,13,0,0,[]
prod-A,MUC_I,2025,14,0,0,[]
prod-A,MUC_I,2025,15,0,0,[]
prod-A,MUC_I,2025,16,0,0,[]
prod-A,MUC_I,2025,17,0,0,[]
prod-A,MUC_I,2025,18,0,0,[]
prod-A,MUC_I,2025,19,0,0,[]
prod-A,MUC_I,2025,20,0,0,[]
prod-A,MUC_I,2025,21,0,0,[]
prod-A,MUC_I,2025,22,0,0,[]
prod-A,MUC_I,2025,23,0,0,[]
prod-A,MUC_I,2025,24,0,0,[]
prod-A,MUC_I,2025,25,0,0,[]
prod-A,MUC_I,2025,26,0,0,[]
prod-A,MUC_I,2025,27,0,0,[]
prod-A,MUC_I,2025,28,0,0,[]
prod-A,MUC_I,2025,29,0,0,[]
prod-A,MUC_I,2025,30,0,0,[]
prod-A,MUC_I,2025,31,0,0,[]
prod-A,MUC_I,2025,32,0,0,[]
prod-A,MUC_I,2025,33,0,0,[]
prod-A,MUC_I,2025,34,0,0,[]
prod-A,MUC_I,2025,35,0,0,[]
prod-A,MUC_I,2025,36,0,0,[]
prod-A,MUC_I,2025,37,0,0,[]
prod-A,MUC_I,2025,38,0,0,[]
prod-A,MUC_I,2025,39,0,0,[]
prod-A,MUC_I,2025,40,0,0,[]
prod-A,MUC_I,2025,41,0,0,[]
prod-A,MUC_I,2025,42,0,0,[]
prod-A,MUC_I,2025,43,0,0,[]
prod-A,MUC_I,2025,44,0,0,[]
prod-A,MUC_I,2025,45,0,0,[]
prod-A,MUC_I,2025,46,0,0,[]
prod-A,MUC_I,2025,47,0,0,[]
prod-A,MUC_I,2025,48,0,0,[]
prod-A,MUC_I,2025,49,0,0,[]
prod-A,MUC_I,2025,50,0,0,[]
prod-A,MUC_I,2025,51,0,0,[]
prod-A,MUC_I,2025,52,0,0,[]
prod-A,MUC_I,2026,01,0,0,[]
prod-A,MUC_I,2026,02,0,0,[]
prod-A,MUC_I,2026,03,0,0,[]
prod-A,MUC_I,2026,04,0,0,[]
prod-A,MUC_I,2026,05,0,0,[]
prod-A,MUC_I,2026,06,0,0,[]
prod-A,MUC_I,2026,07,0,0,[]
prod-A,MUC_I,2026,08,0,0,[]
prod-A,MUC_I,2026,09,0,0,[]
prod-A,MUC_I,2026,10,0,0,[]
prod-A,MUC_I,2026,11,0,0,[]
prod-A,MUC_I,2026,12,0,0,[]
prod-A,MUC_I,2026,13,0,0,[]
prod-A,MUC_I,2026,14,0,0,[]
prod-A,MUC_I,2026,15,0,0,[]
prod-A,MUC_I,2026,16,0,0,[]
prod-A,MUC_I,2026,17,0,0,[]
prod-A,MUC_I,2026,18,0,0,[]
prod-A,MUC_I,2026,19,0,0,[]
prod-A,MUC_I,2026,20,0,0,[]
prod-A,MUC_I,2026,21,0,0,[]
prod-A,MUC_I,2026,22,0,0,[]
prod-A,MUC_I,2026,23,0,0,[]
prod-A,MUC_I,2026,24,0,0,[]
prod-A,MUC_I,2026,25,0,0,[]
prod-A,MUC_I,2026,26,0,0,[]
prod-A,MUC_I,2026,27,0,0,[]
prod-A,MUC_I,2026,28,0,0,[]
prod-A,MUC_I,2026,29,0,0,[]
prod-A,MUC_I,2026,30,0,0,[]
prod-A,MUC_I,2026,31,0,0,[]
prod-A,MUC_I,2026,32,0,0,[]
prod-A,MUC_I,2026,33,0,0,[]
prod-A,MUC_I,2026,34,0,0,[]
prod-A,MUC_I,2026,35,0,0,[]
prod-A,MUC_I,2026,36,0,0,[]
prod-A,MUC_I,2026,37,0,0,[]
prod-A,MUC_I,2026,38,0,0,[]
prod-A,MUC_I,2026,39,0,0,[]
prod-A,MUC_I,2026,40,0,0,[]
prod-A,MUC_I,2026,41,0,0,[]
prod-A,MUC_I,2026,42,0,0,[]
prod-A,MUC_I,2026,43,0,0,[]
prod-A,MUC_I,2026,44,0,0,[]
prod-A,MUC_I,2026,45,0,0,[]
prod-A,MUC_I,2026,46,0,0,[]
prod-A,MUC_I,2026,47,0,0,[]
prod-A,MUC_I,2026,48,0,0,[]
prod-A,MUC_I,2026,49,0,0,[]
prod-A,MUC_I,2026,50,0,0,[]
prod-A,MUC_I,2026,51,0,0,[]
prod-A,MUC_I,2026,52,0,0,[]
prod-A,MUC_I,2026,53,0,0,[]
prod-A,MUC_N,2025,01,0,0,[]
prod-A,MUC_N,2025,02,0,0,[]
prod-A,MUC_N,2025,03,0,0,[]
prod-A,MUC_N,2025,04,0,0,[]
prod-A,MUC_N,2025,05,0,0,[]
prod-A,MUC_N,2025,06,0,0,[]
prod-A,MUC_N,2025,07,0,0,[]
prod-A,MUC_N,2025,08,0,0,[]
prod-A,MUC_N,2025,09,0,0,[]
prod-A,MUC_N,2025,10,0,0,[]
prod-A,MUC_N,2025,11,0,0,[]
prod-A,MUC_N,2025,12,0,0,[]
prod-A,MUC_N,2025,13,0,0,[]
prod-A,MUC_N,2025,14,0,0,[]
prod-A,MUC_N,2025,15,0,0,[]
prod-A,MUC_N,2025,16,0,0,[]
prod-A,MUC_N,2025,17,0,0,[]
prod-A,MUC_N,2025,18,0,0,[]
prod-A,MUC_N,2025,19,0,0,[]
prod-A,MUC_N,2025,20,0,0,[]
prod-A,MUC_N,2025,21,0,0,[]
prod-A,MUC_N,2025,22,0,0,[]
prod-A,MUC_N,2025,23,0,0,[]
prod-A,MUC_N,2025,24,0,0,[]
prod-A,MUC_N,2025,25,0,0,[]
prod-A,MUC_N,2025,26,0,0,[]
prod-A,MUC_N,2025,27,0,0,[]
prod-A,MUC_N,2025,28,0,0,[]
prod-A,MUC_N,2025,29,0,0,[]
prod-A,MUC_N,2025,30,0,0,[]
prod-A,MUC_N,2025,31,0,0,[]
prod-A,MUC_N,2025,32,0,0,[]
prod-A,MUC_N,2025,33,0,0,[]
prod-A,MUC_N,2025,34,0,0,[]
prod-A,MUC_N,2025,35,0,0,[]
prod-A,MUC_N,2025,36,0,0,[]
prod-A,MUC_N,2025,37,0,0,[]
prod-A,MUC_N,2025,38,0,0,[]
prod-A,MUC_N,2025,39,0,0,[]
prod-A,MUC_N,2025,40,0,0,[]
prod-A,MUC_N,2025,41,0,0,[]
prod-A,MUC_N,2025,42,0,0,[]
prod-A,MUC_N,2025,43,0,0,[]
prod-A,MUC_N,2025,44,0,0,[]
prod-A,MUC_N,2025,45,0,0,[]
prod-A,MUC_N,2025,46,0,0,[]
prod-A,MUC_N,2025,47,0,0,[]
prod-A,MUC_N,2025,48,0,0,[]
prod-A,MUC_N,2025,49,0,0,[]
prod-A,MUC_N,2025,50,0,0,[]
prod-A,MUC_N,2025,51,0,0,[]
prod-A,MUC_N,2025,52,0,0,[]
prod-A,MUC_N,2026,01,0,0,[]
prod-A,MUC_N,2026,02,0,0,[]
prod-A,MUC_N,2026,03,0,0,[]
prod-A,MUC_N,2026,04,0,0,[]
prod-A,MUC_N,2026,05,0,0,[]
prod-A,MUC_N,2026,06,0,0,[]
prod-A,MUC_N,2026,07,0,0,[]
prod-A,MUC_N,2026,08,0,0,[]
prod-A,MUC_N,2026,09,0,0,[]
prod-A,MUC_N,2026,10,0,0,[]
prod-A,MUC_N,2026,11,0,0,[]
prod-A,MUC_N,2026,12,0,0,[]
prod-A,MUC_N,2026,13,0,0,[]
prod-A,MUC_N,2026,14,0,0,[]
prod-A,MUC_N,2026,15,0,0,[]
prod-A,MUC_N,2026,16,0,0,[]
prod-A,MUC_N,2026,17,0,0,[]
prod-A,MUC_N,2026,18,0,0,[]
prod-A,MUC_N,2026,19,0,0,[]
prod-A,MUC_N,2026,20,0,0,[]
prod-A,MUC_N,2026,21,0,0,[]
prod-A,MUC_N,2026,22,0,0,[]
prod-A,MUC_N,2026,23,0,0,[]
prod-A,MUC_N,2026,24,0,0,[]
prod-A,MUC_N,2026,25,0,0,[]
prod-A,MUC_N,2026,26,0,0,[]
prod-A,MUC_N,2026,27,0,0,[]
prod-A,MUC_N,2026,28,0,0,[]
prod-A,MUC_N,2026,29,0,0,[]
prod-A,MUC_N,2026,30,0,0,[]
prod-A,MUC_N,2026,31,0,0,[]
prod-A,MUC_N,2026,32,0,0,[]
prod-A,MUC_N,2026,33,0,0,[]
prod-A,MUC_N,2026,34,0,0,[]
prod-A,MUC_N,2026,35,0,0,[]
prod-A,MUC_N,2026,36,0,0,[]
prod-A,MUC_N,2026,37,0,0,[]
prod-A,MUC_N,2026,38,0,0,[]
prod-A,MUC_N,2026,39,0,0,[]
prod-A,MUC_N,2026,40,0,0,[]
prod-A,MUC_N,2026,41,0,0,[]
prod-A,MUC_N,2026,42,0,0,[]
prod-A,MUC_N,2026,43,0,0,[]
prod-A,MUC_N,2026,44,0,0,[]
prod-A,MUC_N,2026,45,0,0,[]
prod-A,MUC_N,2026,46,0,0,[]
prod-A,MUC_N,2026,47,0,0,[]
prod-A,MUC_N,2026,48,0,0,[]
prod-A,MUC_N,2026,49,0,0,[]
prod-A,MUC_N,2026,50,0,0,[]
prod-A,MUC_N,2026,51,0,0,[]
prod-A,MUC_N,2026,52,0,0,[]
prod-A,MUC_N,2026,53,0,0,[]
prod-A,NYC,2025,01,0,0,[]
prod-A,NYC,2025,02,0,0,[]
prod-A,NYC,2025,03,0,0,[]
prod-A,NYC,2025,04,0,0,[]
prod-A,NYC,2025,05,0,0,[]
prod-A,NYC,2025,06,0,0,[]
prod-A,NYC,2025,07,0,0,[]
prod-A,NYC,2025,08,0,0,[]
prod-A,NYC,2025,09,0,0,[]
prod-A,NYC,2025,10,0,0,[]
prod-A,NYC,2025,11,0,0,[]
prod-A,NYC,2025,12,0,0,[]
prod-A,NYC,2025,13,0,0,[]
prod-A,NYC,2025,14,0,0,[]
prod-A,NYC,2025,15,0,0,[]
prod-A,NYC,2025,16,0,0,[]
prod-A,NYC,2025,17,0,0,[]
prod-A,NYC,2025,18,0,0,[]
prod-A,NYC,2025,19,0,0,[]
prod-A,NYC,2025,20,0,0,[]
prod-A,NYC,2025,21,0,0,[]
prod-A,NYC,2025,22,0,0,[]
prod-A,NYC,2025,23,0,0,[]
prod-A,NYC,2025,24,0,0,[]
prod-A,NYC,2025,25,0,0,[]
prod-A,NYC,2025,26,0,0,[]
prod-A,NYC,2025,27,0,0,[]
prod-A,NYC,2025,28,0,0,[]
prod-A,NYC,2025,29,0,0,[]
prod-A,NYC,2025,30,0,0,[]
prod-A,NYC,2025,31,0,0,[]
prod-A,NYC,2025,32,0,0,[]
prod-A,NYC,2025,33,0,0,[]
prod-A,NYC,2025,34,0,0,[]
prod-A,NYC,2025,35,0,0,[]
prod-A,NYC,2025,36,0,0,[]
prod-A,NYC,2025,37,0,0,[]
prod-A,NYC,2025,38,0,0,[]
prod-A,NYC,2025,39,0,0,[]
prod-A,NYC,2025,40,0,0,[]
prod-A,NYC,2025,41,0,0,[]
prod-A,NYC,2025,42,0,0,[]
prod-A,NYC,2025,43,0,0,[]
prod-A,NYC,2025,44,0,0,[]
prod-A,NYC,2025,45,0,0,[]
prod-A,NYC,2025,46,0,0,[]
prod-A,NYC,2025,47,0,0,[]
prod-A,NYC,2025,48,0,0,[]
prod-A,NYC,2025,49,0,0,[]
prod-A,NYC,2025,50,0,0,[]
prod-A,NYC,2025,51,0,0,[]
prod-A,NYC,2025,52,0,0,[]
prod-A,NYC,2026,01,0,0,[]
prod-A,NYC_D,2025,01,0,0,[]
prod-A,NYC_D,2025,02,0,0,[]
prod-A,NYC_D,2025,03,0,0,[]
prod-A,NYC_D,2025,04,0,0,[]
prod-A,NYC_D,2025,05,0,0,[]
prod-A,NYC_D,2025,06,0,0,[]
prod-A,NYC_D,2025,07,0,0,[]
prod-A,NYC_D,2025,08,0,0,[]
prod-A,NYC_D,2025,09,0,0,[]
prod-A,NYC_D,2025,10,0,0,[]
prod-A,NYC_D,2025,11,0,0,[]
prod-A,NYC_D,2025,12,0,0,[]
prod-A,NYC_D,2025,13,0,0,[]
prod-A,NYC_D,2025,14,0,0,[]
prod-A,NYC_D,2025,15,0,0,[]
prod-A,NYC_D,2025,16,0,0,[]
prod-A,NYC_D,2025,17,0,0,[]
prod-A,NYC_D,2025,18,0,0,[]
prod-A,NYC_D,2025,19,0,0,[]
prod-A,NYC_D,2025,20,0,0,[]
prod-A,NYC_D,2025,21,0,0,[]
prod-A,NYC_D,2025,22,0,0,[]
prod-A,NYC_D,2025,23,0,0,[]
prod-A,NYC_D,2025,24,0,0,[]
prod-A,NYC_D,2025,25,0,0,[]
prod-A,NYC_D,2025,26,0,0,[]
prod-A,NYC_D,2025,27,0,0,[]
prod-A,NYC_D,2025,28,0,0,[]
prod-A,NYC_D,2025,29,0,0,[]
prod-A,NYC_D,2025,30,0,0,[]
prod-A,NYC_D,2025,31,0,0,[]
prod-A,NYC_D,2025,32,0,0,[]
prod-A,NYC_D,2025,33,0,0,[]
prod-A,NYC_D,2025,34,0,0,[]
prod-A,NYC_D,2025,35,0,0,[]
prod-A,NYC_D,2025,36,0,0,[]
prod-A,NYC_D,2025,37,0,0,[]
prod-A,NYC_D,2025,38,0,0,[]
prod-A,NYC_D,2025,39,0,0,[]
prod-A,NYC_D,2025,40,0,0,[]
prod-A,NYC_D,2025,41,0,0,[]
prod-A,NYC_D,2025,42,0,0,[]
prod-A,NYC_D,2025,43,0,0,[]
prod-A,NYC_D,2025,44,0,0,[]
prod-A,NYC_D,2025,45,0,0,[]
prod-A,NYC_D,2025,46,0,0,[]
prod-A,NYC_D,2025,47,0,0,[]
prod-A,NYC_D,2025,48,0,0,[]
prod-A,NYC_D,2025,49,0,0,[]
prod-A,NYC_D,2025,50,0,0,[]
prod-A,NYC_D,2025,51,0,0,[]
prod-A,NYC_D,2025,52,0,0,[]
prod-A,NYC_D,2026,01,0,0,[]
prod-A,NYC_D,2026,02,0,0,[]
prod-A,NYC_D,2026,03,0,0,[]
prod-A,NYC_D,2026,04,0,0,[]
prod-A,NYC_D,2026,05,0,0,[]
prod-A,NYC_D,2026,06,0,0,[]
prod-A,NYC_D,2026,07,0,0,[]
prod-A,NYC_D,2026,08,0,0,[]
prod-A,NYC_D,2026,09,0,0,[]
prod-A,NYC_D,2026,10,0,0,[]
prod-A,NYC_D,2026,11,0,0,[]
prod-A,NYC_D,2026,12,0,0,[]
prod-A,NYC_D,2026,13,0,0,[]
prod-A,NYC_D,2026,14,0,0,[]
prod-A,NYC_D,2026,15,0,0,[]
prod-A,NYC_D,2026,16,0,0,[]
prod-A,NYC_D,2026,17,0,0,[]
prod-A,NYC_D,2026,18,0,0,[]
prod-A,NYC_D,2026,19,0,0,[]
prod-A,NYC_D,2026,20,0,0,[]
prod-A,NYC_D,2026,21,0,0,[]
prod-A,NYC_D,2026,22,0,0,[]
prod-A,NYC_D,2026,23,0,0,[]
prod-A,NYC_D,2026,24,0,0,[]
prod-A,NYC_D,2026,25,0,0,[]
prod-A,NYC_D,2026,26,0,0,[]
prod-A,NYC_D,2026,27,0,0,[]
prod-A,NYC_D,2026,28,0,0,[]
prod-A,NYC_D,2026,29,0,0,[]
prod-A,NYC_D,2026,30,0,0,[]
prod-A,NYC_D,2026,31,0,0,[]
prod-A,NYC_D,2026,32,0,0,[]
prod-A,NYC_D,2026,33,0,0,[]
prod-A,NYC_D,2026,34,0,0,[]
prod-A,NYC_D,2026,35,0,0,[]
prod-A,NYC_D,2026,36,0,0,[]
prod-A,NYC_D,2026,37,0,0,[]
prod-A,NYC_D,2026,38,0,0,[]
prod-A,NYC_D,2026,39,0,0,[]
prod-A,NYC_D,2026,40,0,0,[]
prod-A,NYC_D,2026,41,0,0,[]
prod-A,NYC_D,2026,42,0,0,[]
prod-A,NYC_D,2026,43,0,0,[]
prod-A,NYC_D,2026,44,0,0,[]
prod-A,NYC_D,2026,45,0,0,[]
prod-A,NYC_D,2026,46,0,0,[]
prod-A,NYC_D,2026,47,0,0,[]
prod-A,NYC_D,2026,48,0,0,[]
prod-A,NYC_D,2026,49,0,0,[]
prod-A,NYC_D,2026,50,0,0,[]
prod-A,NYC_D,2026,51,0,0,[]
prod-A,NYC_D,2026,52,0,0,[]
prod-A,NYC_D,2026,53,0,0,[]
prod-A,NYC_I,2025,01,0,0,[]
prod-A,NYC_I,2025,02,0,0,[]
prod-A,NYC_I,2025,03,0,0,[]
prod-A,NYC_I,2025,04,0,0,[]
prod-A,NYC_I,2025,05,0,0,[]
prod-A,NYC_I,2025,06,0,0,[]
prod-A,NYC_I,2025,07,0,0,[]
prod-A,NYC_I,2025,08,0,0,[]
prod-A,NYC_I,2025,09,0,0,[]
prod-A,NYC_I,2025,10,0,0,[]
prod-A,NYC_I,2025,11,0,0,[]
prod-A,NYC_I,2025,12,0,0,[]
prod-A,NYC_I,2025,13,0,0,[]
prod-A,NYC_I,2025,14,0,0,[]
prod-A,NYC_I,2025,15,0,0,[]
prod-A,NYC_I,2025,16,0,0,[]
prod-A,NYC_I,2025,17,0,0,[]
prod-A,NYC_I,2025,18,0,0,[]
prod-A,NYC_I,2025,19,0,0,[]
prod-A,NYC_I,2025,20,0,0,[]
prod-A,NYC_I,2025,21,0,0,[]
prod-A,NYC_I,2025,22,0,0,[]
prod-A,NYC_I,2025,23,0,0,[]
prod-A,NYC_I,2025,24,0,0,[]
prod-A,NYC_I,2025,25,0,0,[]
prod-A,NYC_I,2025,26,0,0,[]
prod-A,NYC_I,2025,27,0,0,[]
prod-A,NYC_I,2025,28,0,0,[]
prod-A,NYC_I,2025,29,0,0,[]
prod-A,NYC_I,2025,30,0,0,[]
prod-A,NYC_I,2025,31,0,0,[]
prod-A,NYC_I,2025,32,0,0,[]
prod-A,NYC_I,2025,33,0,0,[]
prod-A,NYC_I,2025,34,0,0,[]
prod-A,NYC_I,2025,35,0,0,[]
prod-A,NYC_I,2025,36,0,0,[]
prod-A,NYC_I,2025,37,0,0,[]
prod-A,NYC_I,2025,38,0,0,[]
prod-A,NYC_I,2025,39,0,0,[]
prod-A,NYC_I,2025,40,0,0,[]
prod-A,NYC_I,2025,41,0,0,[]
prod-A,NYC_I,2025,42,0,0,[]
prod-A,NYC_I,2025,43,0,0,[]
prod-A,NYC_I,2025,44,0,0,[]
prod-A,NYC_I,2025,45,0,0,[]
prod-A,NYC_I,2025,46,0,0,[]
prod-A,NYC_I,2025,47,0,0,[]
prod-A,NYC_I,2025,48,0,0,[]
prod-A,NYC_I,2025,49,0,0,[]
prod-A,NYC_I,2025,50,0,0,[]
prod-A,NYC_I,2025,51,0,0,[]
prod-A,NYC_I,2025,52,0,0,[]
prod-A,NYC_I,2026,01,0,0,[]
prod-A,NYC_I,2026,02,0,0,[]
prod-A,NYC_I,2026,03,0,0,[]
prod-A,NYC_I,2026,04,0,0,[]
prod-A,NYC_I,2026,05,0,0,[]
prod-A,NYC_I,2026,06,0,0,[]
prod-A,NYC_I,2026,07,0,0,[]
prod-A,NYC_I,2026,08,0,0,[]
prod-A,NYC_I,2026,09,0,0,[]
prod-A,NYC_I,2026,10,0,0,[]
prod-A,NYC_I,2026,11,0,0,[]
prod-A,NYC_I,2026,12,0,0,[]
prod-A,NYC_I,2026,13,0,0,[]
prod-A,NYC_I,2026,14,0,0,[]
prod-A,NYC_I,2026,15,0,0,[]
prod-A,NYC_I,2026,16,0,0,[]
prod-A,NYC_I,2026,17,0,0,[]
prod-A,NYC_I,2026,18,0,0,[]
prod-A,NYC_I,2026,19,0,0,[]
prod-A,NYC_I,2026,20,0,0,[]
prod-A,NYC_I,2026,21,0,0,[]
prod-A,NYC_I,2026,22,0,0,[]
prod-A,NYC_I,2026,23,0,0,[]
prod-A,NYC_I,2026,24,0,0,[]
prod-A,NYC_I,2026,25,0,0,[]
prod-A,NYC_I,2026,26,0,0,[]
prod-A,NYC_I,2026,27,0,0,[]
prod-A,NYC_I,2026,28,0,0,[]
prod-A,NYC_I,2026,29,0,0,[]
prod-A,NYC_I,2026,30,0,0,[]
prod-A,NYC_I,2026,31,0,0,[]
prod-A,NYC_I,2026,32,0,0,[]
prod-A,NYC_I,2026,33,0,0,[]
prod-A,NYC_I,2026,34,0,0,[]
prod-A,NYC_I,2026,35,0,0,[]
prod-A,NYC_I,2026,36,0,0,[]
prod-A,NYC_I,2026,37,0,0,[]
prod-A,NYC_I,2026,38,0,0,[]
prod-A,NYC_I,2026,39,0,0,[]
prod-A,NYC_I,2026,40,0,0,[]
prod-A,NYC_I,2026,41,0,0,[]
prod-A,NYC_I,2026,42,0,0,[]
prod-A,NYC_I,2026,43,0,0,[]
prod-A,NYC_I,2026,44,0,0,[]
prod-A,NYC_I,2026,45,0,0,[]
prod-A,NYC_I,2026,46,0,0,[]
prod-A,NYC_I,2026,47,0,0,[]
prod-A,NYC_I,2026,48,0,0,[]
prod-A,NYC_I,2026,49,0,0,[]
prod-A,NYC_I,2026,50,0,0,[]
prod-A,NYC_I,2026,51,0,0,[]
prod-A,NYC_I,2026,52,0,0,[]
prod-A,NYC_I,2026,53,0,0,[]
prod-A,NYC_N,2025,01,0,0,[]
prod-A,NYC_N,2025,02,0,0,[]
prod-A,NYC_N,2025,03,0,0,[]
prod-A,NYC_N,2025,04,0,0,[]
prod-A,NYC_N,2025,05,0,0,[]
prod-A,NYC_N,2025,06,0,0,[]
prod-A,NYC_N,2025,07,0,0,[]
prod-A,NYC_N,2025,08,0,0,[]
prod-A,NYC_N,2025,09,0,0,[]
prod-A,NYC_N,2025,10,0,0,[]
prod-A,NYC_N,2025,11,0,0,[]
prod-A,NYC_N,2025,12,0,0,[]
prod-A,NYC_N,2025,13,0,0,[]
prod-A,NYC_N,2025,14,0,0,[]
prod-A,NYC_N,2025,15,0,0,[]
prod-A,NYC_N,2025,16,0,0,[]
prod-A,NYC_N,2025,17,0,0,[]
prod-A,NYC_N,2025,18,0,0,[]
prod-A,NYC_N,2025,19,0,0,[]
prod-A,NYC_N,2025,20,0,0,[]
prod-A,NYC_N,2025,21,0,0,[]
prod-A,NYC_N,2025,22,0,0,[]
prod-A,NYC_N,2025,23,0,0,[]
prod-A,NYC_N,2025,24,0,0,[]
prod-A,NYC_N,2025,25,0,0,[]
prod-A,NYC_N,2025,26,0,0,[]
prod-A,NYC_N,2025,27,0,0,[]
prod-A,NYC_N,2025,28,0,0,[]
prod-A,NYC_N,2025,29,0,0,[]
prod-A,NYC_N,2025,30,0,0,[]
prod-A,NYC_N,2025,31,0,0,[]
prod-A,NYC_N,2025,32,0,0,[]
prod-A,NYC_N,2025,33,0,0,[]
prod-A,NYC_N,2025,34,0,0,[]
prod-A,NYC_N,2025,35,0,0,[]
prod-A,NYC_N,2025,36,0,0,[]
prod-A,NYC_N,2025,37,0,0,[]
prod-A,NYC_N,2025,38,0,0,[]
prod-A,NYC_N,2025,39,0,0,[]
prod-A,NYC_N,2025,40,0,0,[]
prod-A,NYC_N,2025,41,0,0,[]
prod-A,NYC_N,2025,42,0,0,[]
prod-A,NYC_N,2025,43,0,0,[]
prod-A,NYC_N,2025,44,0,0,[]
prod-A,NYC_N,2025,45,0,0,[]
prod-A,NYC_N,2025,46,0,0,[]
prod-A,NYC_N,2025,47,0,0,[]
prod-A,NYC_N,2025,48,0,0,[]
prod-A,NYC_N,2025,49,0,0,[]
prod-A,NYC_N,2025,50,0,0,[]
prod-A,NYC_N,2025,51,0,0,[]
prod-A,NYC_N,2025,52,0,0,[]
prod-A,NYC_N,2026,01,0,0,[]
prod-A,NYC_N,2026,02,0,0,[]
prod-A,NYC_N,2026,03,0,0,[]
prod-A,NYC_N,2026,04,0,0,[]
prod-A,NYC_N,2026,05,0,0,[]
prod-A,NYC_N,2026,06,0,0,[]
prod-A,NYC_N,2026,07,0,0,[]
prod-A,NYC_N,2026,08,0,0,[]
prod-A,NYC_N,2026,09,0,0,[]
prod-A,NYC_N,2026,10,0,0,[]
prod-A,NYC_N,2026,11,0,0,[]
prod-A,NYC_N,2026,12,0,0,[]
prod-A,NYC_N,2026,13,0,0,[]
prod-A,NYC_N,2026,14,0,0,[]
prod-A,NYC_N,2026,15,0,0,[]
prod-A,NYC_N,2026,16,0,0,[]
prod-A,NYC_N,2026,17,0,0,[]
prod-A,NYC_N,2026,18,0,0,[]
prod-A,NYC_N,2026,19,0,0,[]
prod-A,NYC_N,2026,20,0,0,[]
prod-A,NYC_N,2026,21,0,0,[]
prod-A,NYC_N,2026,22,0,0,[]
prod-A,NYC_N,2026,23,0,0,[]
prod-A,NYC_N,2026,24,0,0,[]
prod-A,NYC_N,2026,25,0,0,[]
prod-A,NYC_N,2026,26,0,0,[]
prod-A,NYC_N,2026,27,0,0,[]
prod-A,NYC_N,2026,28,0,0,[]
prod-A,NYC_N,2026,29,0,0,[]
prod-A,NYC_N,2026,30,0,0,[]
prod-A,NYC_N,2026,31,0,0,[]
prod-A,NYC_N,2026,32,0,0,[]
prod-A,NYC_N,2026,33,0,0,[]
prod-A,NYC_N,2026,34,0,0,[]
prod-A,NYC_N,2026,35,0,0,[]
prod-A,NYC_N,2026,36,0,0,[]
prod-A,NYC_N,2026,37,0,0,[]
prod-A,NYC_N,2026,38,0,0,[]
prod-A,NYC_N,2026,39,0,0,[]
prod-A,NYC_N,2026,40,0,0,[]
prod-A,NYC_N,2026,41,0,0,[]
prod-A,NYC_N,2026,42,0,0,[]
prod-A,NYC_N,2026,43,0,0,[]
prod-A,NYC_N,2026,44,0,0,[]
prod-A,NYC_N,2026,45,0,0,[]
prod-A,NYC_N,2026,46,0,0,[]
prod-A,NYC_N,2026,47,0,0,[]
prod-A,NYC_N,2026,48,0,0,[]
prod-A,NYC_N,2026,49,0,0,[]
prod-A,NYC_N,2026,50,0,0,[]
prod-A,NYC_N,2026,51,0,0,[]
prod-A,NYC_N,2026,52,0,0,[]
prod-A,NYC_N,2026,53,0,0,[]
prod-A,SHA,2025,01,0,0,[]
prod-A,SHA,2025,02,0,0,[]
prod-A,SHA,2025,03,0,0,[]
prod-A,SHA,2025,04,0,0,[]
prod-A,SHA,2025,05,0,0,[]
prod-A,SHA,2025,06,0,0,[]
prod-A,SHA,2025,07,0,0,[]
prod-A,SHA,2025,08,0,0,[]
prod-A,SHA,2025,09,0,0,[]
prod-A,SHA,2025,10,0,0,[]
prod-A,SHA,2025,11,0,0,[]
prod-A,SHA,2025,12,0,0,[]
prod-A,SHA,2025,13,0,0,[]
prod-A,SHA,2025,14,0,0,[]
prod-A,SHA,2025,15,0,0,[]
prod-A,SHA,2025,16,0,0,[]
prod-A,SHA,2025,17,0,0,[]
prod-A,SHA,2025,18,0,0,[]
prod-A,SHA,2025,19,0,0,[]
prod-A,SHA,2025,20,0,0,[]
prod-A,SHA,2025,21,0,0,[]
prod-A,SHA,2025,22,0,0,[]
prod-A,SHA,2025,23,0,0,[]
prod-A,SHA,2025,24,0,0,[]
prod-A,SHA,2025,25,0,0,[]
prod-A,SHA,2025,26,0,0,[]
prod-A,SHA,2025,27,0,0,[]
prod-A,SHA,2025,28,0,0,[]
prod-A,SHA,2025,29,0,0,[]
prod-A,SHA,2025,30,0,0,[]
prod-A,SHA,2025,31,0,0,[]
prod-A,SHA,2025,32,0,0,[]
prod-A,SHA,2025,33,0,0,[]
prod-A,SHA,2025,34,0,0,[]
prod-A,SHA,2025,35,0,0,[]
prod-A,SHA,2025,36,0,0,[]
prod-A,SHA,2025,37,0,0,[]
prod-A,SHA,2025,38,0,0,[]
prod-A,SHA,2025,39,0,0,[]
prod-A,SHA,2025,40,0,0,[]
prod-A,SHA,2025,41,0,0,[]
prod-A,SHA,2025,42,0,0,[]
prod-A,SHA,2025,43,0,0,[]
prod-A,SHA,2025,44,0,0,[]
prod-A,SHA,2025,45,0,0,[]
prod-A,SHA,2025,46,0,0,[]
prod-A,SHA,2025,47,0,0,[]
prod-A,SHA,2025,48,0,0,[]
prod-A,SHA,2025,49,0,0,[]
prod-A,SHA,2025,50,0,0,[]
prod-A,SHA,2025,51,0,0,[]
prod-A,SHA,2025,52,0,0,[]
prod-A,SHA,2026,01,0,0,[]
prod-A,SHA_D,2025,01,0,0,[]
prod-A,SHA_D,2025,02,0,0,[]
prod-A,SHA_D,2025,03,0,0,[]
prod-A,SHA_D,2025,04,0,0,[]
prod-A,SHA_D,2025,05,0,0,[]
prod-A,SHA_D,2025,06,0,0,[]
prod-A,SHA_D,2025,07,0,0,[]
prod-A,SHA_D,2025,08,0,0,[]
prod-A,SHA_D,2025,09,0,0,[]
prod-A,SHA_D,2025,10,0,0,[]
prod-A,SHA_D,2025,11,0,0,[]
prod-A,SHA_D,2025,12,0,0,[]
prod-A,SHA_D,2025,13,0,0,[]
prod-A,SHA_D,2025,14,0,0,[]
prod-A,SHA_D,2025,15,0,0,[]
prod-A,SHA_D,2025,16,0,0,[]
prod-A,SHA_D,2025,17,0,0,[]
prod-A,SHA_D,2025,18,0,0,[]
prod-A,SHA_D,2025,19,0,0,[]
prod-A,SHA_D,2025,20,0,0,[]
prod-A,SHA_D,2025,21,0,0,[]
prod-A,SHA_D,2025,22,0,0,[]
prod-A,SHA_D,2025,23,0,0,[]
prod-A,SHA_D,2025,24,0,0,[]
prod-A,SHA_D,2025,25,0,0,[]
prod-A,SHA_D,2025,26,0,0,[]
prod-A,SHA_D,2025,27,0,0,[]
prod-A,SHA_D,2025,28,0,0,[]
prod-A,SHA_D,2025,29,0,0,[]
prod-A,SHA_D,2025,30,0,0,[]
prod-A,SHA_D,2025,31,0,0,[]
prod-A,SHA_D,2025,32,0,0,[]
prod-A,SHA_D,2025,33,0,0,[]
prod-A,SHA_D,2025,34,0,0,[]
prod-A,SHA_D,2025,35,0,0,[]
prod-A,SHA_D,2025,36,0,0,[]
prod-A,SHA_D,2025,37,0,0,[]
prod-A,SHA_D,2025,38,0,0,[]
prod-A,SHA_D,2025,39,0,0,[]
prod-A,SHA_D,2025,40,0,0,[]
prod-A,SHA_D,2025,41,0,0,[]
prod-A,SHA_D,2025,42,0,0,[]
prod-A,SHA_D,2025,43,0,0,[]
prod-A,SHA_D,2025,44,0,0,[]
prod-A,SHA_D,2025,45,0,0,[]
prod-A,SHA_D,2025,46,0,0,[]
prod-A,SHA_D,2025,47,0,0,[]
prod-A,SHA_D,2025,48,0,0,[]
prod-A,SHA_D,2025,49,0,0,[]
prod-A,SHA_D,2025,50,0,0,[]
prod-A,SHA_D,2025,51,0,0,[]
prod-A,SHA_D,2025,52,0,0,[]
prod-A,SHA_D,2026,01,0,0,[]
prod-A,SHA_D,2026,02,0,0,[]
prod-A,SHA_D,2026,03,0,0,[]
prod-A,SHA_D,2026,04,0,0,[]
prod-A,SHA_D,2026,05,0,0,[]
prod-A,SHA_D,2026,06,0,0,[]
prod-A,SHA_D,2026,07,0,0,[]
prod-A,SHA_D,2026,08,0,0,[]
prod-A,SHA_D,2026,09,0,0,[]
prod-A,SHA_D,2026,10,0,0,[]
prod-A,SHA_D,2026,11,0,0,[]
prod-A,SHA_D,2026,12,0,0,[]
prod-A,SHA_D,2026,13,0,0,[]
prod-A,SHA_D,2026,14,0,0,[]
prod-A,SHA_D,2026,15,0,0,[]
prod-A,SHA_D,2026,16,0,0,[]
prod-A,SHA_D,2026,17,0,0,[]
prod-A,SHA_D,2026,18,0,0,[]
prod-A,SHA_D,2026,19,0,0,[]
prod-A,SHA_D,2026,20,0,0,[]
prod-A,SHA_D,2026,21,0,0,[]
prod-A,SHA_D,2026,22,0,0,[]
prod-A,SHA_D,2026,23,0,0,[]
prod-A,SHA_D,2026,24,0,0,[]
prod-A,SHA_D,2026,25,0,0,[]
prod-A,SHA_D,2026,26,0,0,[]
prod-A,SHA_D,2026,27,0,0,[]
prod-A,SHA_D,2026,28,0,0,[]
prod-A,SHA_D,2026,29,0,0,[]
prod-A,SHA_D,2026,30,0,0,[]
prod-A,SHA_D,2026,31,0,0,[]
prod-A,SHA_D,2026,32,0,0,[]
prod-A,SHA_D,2026,33,0,0,[]
prod-A,SHA_D,2026,34,0,0,[]
prod-A,SHA_D,2026,35,0,0,[]
prod-A,SHA_D,2026,36,0,0,[]
prod-A,SHA_D,2026,37,0,0,[]
prod-A,SHA_D,2026,38,0,0,[]
prod-A,SHA_D,2026,39,0,0,[]
prod-A,SHA_D,2026,40,0,0,[]
prod-A,SHA_D,2026,41,0,0,[]
prod-A,SHA_D,2026,42,0,0,[]
prod-A,SHA_D,2026,43,0,0,[]
prod-A,SHA_D,2026,44,0,0,[]
prod-A,SHA_D,2026,45,0,0,[]
prod-A,SHA_D,2026,46,0,0,[]
prod-A,SHA_D,2026,47,0,0,[]
prod-A,SHA_D,2026,48,0,0,[]
prod-A,SHA_D,2026,49,0,0,[]
prod-A,SHA_D,2026,50,0,0,[]
prod-A,SHA_D,2026,51,0,0,[]
prod-A,SHA_D,2026,52,0,0,[]
prod-A,SHA_D,2026,53,0,0,[]
prod-A,SHA_I,2025,01,0,0,[]
prod-A,SHA_I,2025,02,0,0,[]
prod-A,SHA_I,2025,03,0,0,[]
prod-A,SHA_I,2025,04,0,0,[]
prod-A,SHA_I,2025,05,0,0,[]
prod-A,SHA_I,2025,06,0,0,[]
prod-A,SHA_I,2025,07,0,0,[]
prod-A,SHA_I,2025,08,0,0,[]
prod-A,SHA_I,2025,09,0,0,[]
prod-A,SHA_I,2025,10,0,0,[]
prod-A,SHA_I,2025,11,0,0,[]
prod-A,SHA_I,2025,12,0,0,[]
prod-A,SHA_I,2025,13,0,0,[]
prod-A,SHA_I,2025,14,0,0,[]
prod-A,SHA_I,2025,15,0,0,[]
prod-A,SHA_I,2025,16,0,0,[]
prod-A,SHA_I,2025,17,0,0,[]
prod-A,SHA_I,2025,18,0,0,[]
prod-A,SHA_I,2025,19,0,0,[]
prod-A,SHA_I,2025,20,0,0,[]
prod-A,SHA_I,2025,21,0,0,[]
prod-A,SHA_I,2025,22,0,0,[]
prod-A,SHA_I,2025,23,0,0,[]
prod-A,SHA_I,2025,24,0,0,[]
prod-A,SHA_I,2025,25,0,0,[]
prod-A,SHA_I,2025,26,0,0,[]
prod-A,SHA_I,2025,27,0,0,[]
prod-A,SHA_I,2025,28,0,0,[]
prod-A,SHA_I,2025,29,0,0,[]
prod-A,SHA_I,2025,30,0,0,[]
prod-A,SHA_I,2025,31,0,0,[]
prod-A,SHA_I,2025,32,0,0,[]
prod-A,SHA_I,2025,33,0,0,[]
prod-A,SHA_I,2025,34,0,0,[]
prod-A,SHA_I,2025,35,0,0,[]
prod-A,SHA_I,2025,36,0,0,[]
prod-A,SHA_I,2025,37,0,0,[]
prod-A,SHA_I,2025,38,0,0,[]
prod-A,SHA_I,2025,39,0,0,[]
prod-A,SHA_I,2025,40,0,0,[]
prod-A,SHA_I,2025,41,0,0,[]
prod-A,SHA_I,2025,42,0,0,[]
prod-A,SHA_I,2025,43,0,0,[]
prod-A,SHA_I,2025,44,0,0,[]
prod-A,SHA_I,2025,45,0,0,[]
prod-A,SHA_I,2025,46,0,0,[]
prod-A,SHA_I,2025,47,0,0,[]
prod-A,SHA_I,2025,48,0,0,[]
prod-A,SHA_I,2025,49,0,0,[]
prod-A,SHA_I,2025,50,0,0,[]
prod-A,SHA_I,2025,51,0,0,[]
prod-A,SHA_I,2025,52,0,0,[]
prod-A,SHA_I,2026,01,0,0,[]
prod-A,SHA_I,2026,02,0,0,[]
prod-A,SHA_I,2026,03,0,0,[]
prod-A,SHA_I,2026,04,0,0,[]
prod-A,SHA_I,2026,05,0,0,[]
prod-A,SHA_I,2026,06,0,0,[]
prod-A,SHA_I,2026,07,0,0,[]
prod-A,SHA_I,2026,08,0,0,[]
prod-A,SHA_I,2026,09,0,0,[]
prod-A,SHA_I,2026,10,0,0,[]
prod-A,SHA_I,2026,11,0,0,[]
prod-A,SHA_I,2026,12,0,0,[]
prod-A,SHA_I,2026,13,0,0,[]
prod-A,SHA_I,2026,14,0,0,[]
prod-A,SHA_I,2026,15,0,0,[]
prod-A,SHA_I,2026,16,0,0,[]
prod-A,SHA_I,2026,17,0,0,[]
prod-A,SHA_I,2026,18,0,0,[]
prod-A,SHA_I,2026,19,0,0,[]
prod-A,SHA_I,2026,20,0,0,[]
prod-A,SHA_I,2026,21,0,0,[]
prod-A,SHA_I,2026,22,0,0,[]
prod-A,SHA_I,2026,23,0,0,[]
prod-A,SHA_I,2026,24,0,0,[]
prod-A,SHA_I,2026,25,0,0,[]
prod-A,SHA_I,2026,26,0,0,[]
prod-A,SHA_I,2026,27,0,0,[]
prod-A,SHA_I,2026,28,0,0,[]
prod-A,SHA_I,2026,29,0,0,[]
prod-A,SHA_I,2026,30,0,0,[]
prod-A,SHA_I,2026,31,0,0,[]
prod-A,SHA_I,2026,32,0,0,[]
prod-A,SHA_I,2026,33,0,0,[]
prod-A,SHA_I,2026,34,0,0,[]
prod-A,SHA_I,2026,35,0,0,[]
prod-A,SHA_I,2026,36,0,0,[]
prod-A,SHA_I,2026,37,0,0,[]
prod-A,SHA_I,2026,38,0,0,[]
prod-A,SHA_I,2026,39,0,0,[]
prod-A,SHA_I,2026,40,0,0,[]
prod-A,SHA_I,2026,41,0,0,[]
prod-A,SHA_I,2026,42,0,0,[]
prod-A,SHA_I,2026,43,0,0,[]
prod-A,SHA_I,2026,44,0,0,[]
prod-A,SHA_I,2026,45,0,0,[]
prod-A,SHA_I,2026,46,0,0,[]
prod-A,SHA_I,2026,47,0,0,[]
prod-A,SHA_I,2026,48,0,0,[]
prod-A,SHA_I,2026,49,0,0,[]
prod-A,SHA_I,2026,50,0,0,[]
prod-A,SHA_I,2026,51,0,0,[]
prod-A,SHA_I,2026,52,0,0,[]
prod-A,SHA_I,2026,53,0,0,[]
prod-A,SHA_N,2025,01,0,0,[]
prod-A,SHA_N,2025,02,0,0,[]
prod-A,SHA_N,2025,03,0,0,[]
prod-A,SHA_N,2025,04,0,0,[]
prod-A,SHA_N,2025,05,0,0,[]
prod-A,SHA_N,2025,06,0,0,[]
prod-A,SHA_N,2025,07,0,0,[]
prod-A,SHA_N,2025,08,0,0,[]
prod-A,SHA_N,2025,09,0,0,[]
prod-A,SHA_N,2025,10,0,0,[]
prod-A,SHA_N,2025,11,0,0,[]
prod-A,SHA_N,2025,12,0,0,[]
prod-A,SHA_N,2025,13,0,0,[]
prod-A,SHA_N,2025,14,0,0,[]
prod-A,SHA_N,2025,15,0,0,[]
prod-A,SHA_N,2025,16,0,0,[]
prod-A,SHA_N,2025,17,0,0,[]
prod-A,SHA_N,2025,18,0,0,[]
prod-A,SHA_N,2025,19,0,0,[]
prod-A,SHA_N,2025,20,0,0,[]
prod-A,SHA_N,2025,21,0,0,[]
prod-A,SHA_N,2025,22,0,0,[]
prod-A,SHA_N,2025,23,0,0,[]
prod-A,SHA_N,2025,24,0,0,[]
prod-A,SHA_N,2025,25,0,0,[]
prod-A,SHA_N,2025,26,0,0,[]
prod-A,SHA_N,2025,27,0,0,[]
prod-A,SHA_N,2025,28,0,0,[]
prod-A,SHA_N,2025,29,0,0,[]
prod-A,SHA_N,2025,30,0,0,[]
prod-A,SHA_N,2025,31,0,0,[]
prod-A,SHA_N,2025,32,0,0,[]
prod-A,SHA_N,2025,33,0,0,[]
prod-A,SHA_N,2025,34,0,0,[]
prod-A,SHA_N,2025,35,0,0,[]
prod-A,SHA_N,2025,36,0,0,[]
prod-A,SHA_N,2025,37,0,0,[]
prod-A,SHA_N,2025,38,0,0,[]
prod-A,SHA_N,2025,39,0,0,[]
prod-A,SHA_N,2025,40,0,0,[]
prod-A,SHA_N,2025,41,0,0,[]
prod-A,SHA_N,2025,42,0,0,[]
prod-A,SHA_N,2025,43,0,0,[]
prod-A,SHA_N,2025,44,0,0,[]
prod-A,SHA_N,2025,45,0,0,[]
prod-A,SHA_N,2025,46,0,0,[]
prod-A,SHA_N,2025,47,0,0,[]
prod-A,SHA_N,2025,48,0,0,[]
prod-A,SHA_N,2025,49,0,0,[]
prod-A,SHA_N,2025,50,0,0,[]
prod-A,SHA_N,2025,51,0,0,[]
prod-A,SHA_N,2025,52,0,0,[]
prod-A,SHA_N,2026,01,52,1,['SHA_N202601001']
prod-A,SHA_N,2026,02,91,1,['SHA_N202602001']
prod-A,SHA_N,2026,03,91,1,['SHA_N202603001']
prod-A,SHA_N,2026,04,91,1,['SHA_N202604001']
prod-A,SHA_N,2026,05,93,1,['SHA_N202605001']
prod-A,SHA_N,2026,06,105,1,['SHA_N202606001']
prod-A,SHA_N,2026,07,105,1,['SHA_N202607001']
prod-A,SHA_N,2026,08,105,1,['SHA_N202608001']
prod-A,SHA_N,2026,09,109,1,['SHA_N202609001']
prod-A,SHA_N,2026,10,133,1,['SHA_N202610001']
prod-A,SHA_N,2026,11,133,1,['SHA_N202611001']
prod-A,SHA_N,2026,12,133,1,['SHA_N202612001']
prod-A,SHA_N,2026,13,133,1,['SHA_N202613001']
prod-A,SHA_N,2026,14,123,1,['SHA_N202614001']
prod-A,SHA_N,2026,15,119,1,['SHA_N202615001']
prod-A,SHA_N,2026,16,119,1,['SHA_N202616001']
prod-A,SHA_N,2026,17,119,1,['SHA_N202617001']
prod-A,SHA_N,2026,18,122,1,['SHA_N202618001']
prod-A,SHA_N,2026,19,126,1,['SHA_N202619001']
prod-A,SHA_N,2026,20,126,1,['SHA_N202620001']
prod-A,SHA_N,2026,21,126,1,['SHA_N202621001']
prod-A,SHA_N,2026,22,126,1,['SHA_N202622001']
prod-A,SHA_N,2026,23,140,1,['SHA_N202623001']
prod-A,SHA_N,2026,24,140,1,['SHA_N202624001']
prod-A,SHA_N,2026,25,140,1,['SHA_N202625001']
prod-A,SHA_N,2026,26,140,1,['SHA_N202626001']
prod-A,SHA_N,2026,27,155,1,['SHA_N202627001']
prod-A,SHA_N,2026,28,161,1,['SHA_N202628001']
prod-A,SHA_N,2026,29,161,1,['SHA_N202629001']
prod-A,SHA_N,2026,30,161,1,['SHA_N202630001']
prod-A,SHA_N,2026,31,167,1,['SHA_N202631001']
prod-A,SHA_N,2026,32,182,1,['SHA_N202632001']
prod-A,SHA_N,2026,33,182,1,['SHA_N202633001']
prod-A,SHA_N,2026,34,182,1,['SHA_N202634001']
prod-A,SHA_N,2026,35,182,1,['SHA_N202635001']
prod-A,SHA_N,2026,36,170,1,['SHA_N202636001']
prod-A,SHA_N,2026,37,168,1,['SHA_N202637001']
prod-A,SHA_N,2026,38,168,1,['SHA_N202638001']
prod-A,SHA_N,2026,39,168,1,['SHA_N202639001']
prod-A,SHA_N,2026,40,160,1,['SHA_N202640001']
prod-A,SHA_N,2026,41,154,1,['SHA_N202641001']
prod-A,SHA_N,2026,42,154,1,['SHA_N202642001']
prod-A,SHA_N,2026,43,154,1,['SHA_N202643001']
prod-A,SHA_N,2026,44,152,1,['SHA_N202644001']
prod-A,SHA_N,2026,45,140,1,['SHA_N202645001']
prod-A,SHA_N,2026,46,140,1,['SHA_N202646001']
prod-A,SHA_N,2026,47,140,1,['SHA_N202647001']
prod-A,SHA_N,2026,48,140,1,['SHA_N202648001']
prod-A,SHA_N,2026,49,158,1,['SHA_N202649001']
prod-A,SHA_N,2026,50,161,1,['SHA_N202650001']
prod-A,SHA_N,2026,51,161,1,['SHA_N202651001']
prod-A,SHA_N,2026,52,161,1,['SHA_N202652001']
prod-A,SHA_N,2026,53,92,1,['SHA_N202653001']
