Parent_node,Child_node,child_node_name,lot_size,leadtime,process_capa,long_vacation_weeks,LT_boat,LT_air,LT_qourier,weeks_year,SS_days,TAX_currency_condition,HS_code,customs_tariff_rate,price_elasticity,cost_standard_flag,PSI_graph_flag,buffering_stock_flag
root,supply_point,supply_point,100,2,400,"[8,15,20,21,22,50,   8+52,15+52,20+52,21+52,22+52,50+52,   8+52*2,15+52*2,20+52*2,21+52*2,22+52*2,50+52*2 ]",1,2,1,52,21,profile,,0,0,0,ON,OFF
supply_point,DADASIA,DADASIA,100,2,400,"[8,15,20,21,22,50,   8+52,15+52,20+52,21+52,22+52,50+52,   8+52*2,15+52*2,20+52*2,21+52*2,22+52*2,50+52*2 ]",1,2,1,52,21,profile,,0,0,0,ON,ON
DADASIA,SHA,SHA,100,2,400,[],9,2,1,52,21,profile,,0,0,0,ON,OFF
SHA,SHA_N,SHA_N,100,1,400,[],4,2,1,52,21,profile,,0,2,0,ON,OFF
SHA,SHA_D,SHA_D,100,2,400,[],9,2,1,52,21,profile,,1,2,100,ON,OFF
SHA,SHA_I,SHA_I,100,3,400,"[8,15,20,21,22,50,   8+52,15+52,20+52,21+52,22+52,50+52,   8+52*2,15+52*2,20+52*2,21+52*2,22+52*2,50+52*2 ]",1,2,1,52,21,profile,,0,2,0,ON,OFF
