product_name,node_name,iso_year,iso_week,value,S_lot,lot_id_list
prod-A,CAN,2025,01,0,0,[]
prod-A,CAN,2025,02,0,0,[]
prod-A,CAN,2025,03,0,0,[]
prod-A,CAN,2025,04,0,0,[]
prod-A,CAN,2025,05,0,0,[]
prod-A,CAN,2025,06,0,0,[]
prod-A,CAN,2025,07,0,0,[]
prod-A,CAN,2025,08,0,0,[]
prod-A,CAN,2025,09,0,0,[]
prod-A,CAN,2025,10,0,0,[]
prod-A,CAN,2025,11,0,0,[]
prod-A,CAN,2025,12,0,0,[]
prod-A,CAN,2025,13,0,0,[]
prod-A,CAN,2025,14,0,0,[]
prod-A,CAN,2025,15,0,0,[]
prod-A,CAN,2025,16,0,0,[]
prod-A,CAN,2025,17,0,0,[]
prod-A,CAN,2025,18,0,0,[]
prod-A,CAN,2025,19,0,0,[]
prod-A,CAN,2025,20,0,0,[]
prod-A,CAN,2025,21,0,0,[]
prod-A,CAN,2025,22,0,0,[]
prod-A,CAN,2025,23,0,0,[]
prod-A,CAN,2025,24,0,0,[]
prod-A,CAN,2025,25,0,0,[]
prod-A,CAN,2025,26,0,0,[]
prod-A,CAN,2025,27,0,0,[]
prod-A,CAN,2025,28,0,0,[]
prod-A,CAN,2025,29,0,0,[]
prod-A,CAN,2025,30,0,0,[]
prod-A,CAN,2025,31,0,0,[]
prod-A,CAN,2025,32,0,0,[]
prod-A,CAN,2025,33,0,0,[]
prod-A,CAN,2025,34,0,0,[]
prod-A,CAN,2025,35,0,0,[]
prod-A,CAN,2025,36,0,0,[]
prod-A,CAN,2025,37,0,0,[]
prod-A,CAN,2025,38,0,0,[]
prod-A,CAN,2025,39,0,0,[]
prod-A,CAN,2025,40,0,0,[]
prod-A,CAN,2025,41,0,0,[]
prod-A,CAN,2025,42,0,0,[]
prod-A,CAN,2025,43,0,0,[]
prod-A,CAN,2025,44,0,0,[]
prod-A,CAN,2025,45,0,0,[]
prod-A,CAN,2025,46,0,0,[]
prod-A,CAN,2025,47,0,0,[]
prod-A,CAN,2025,48,0,0,[]
prod-A,CAN,2025,49,0,0,[]
prod-A,CAN,2025,50,0,0,[]
prod-A,CAN,2025,51,0,0,[]
prod-A,CAN,2025,52,0,0,[]
prod-A,CAN,2026,01,0,0,[]
prod-A,CAN,2026,02,0,0,[]
prod-A,CAN,2026,03,0,0,[]
prod-A,CAN,2026,04,0,0,[]
prod-A,CAN,2026,05,0,0,[]
prod-A,CAN,2026,06,0,0,[]
prod-A,CAN,2026,07,0,0,[]
prod-A,CAN,2026,08,0,0,[]
prod-A,CAN,2026,09,0,0,[]
prod-A,CAN,2026,10,0,0,[]
prod-A,CAN,2026,11,0,0,[]
prod-A,CAN,2026,12,0,0,[]
prod-A,CAN,2026,13,0,0,[]
prod-A,CAN,2026,14,0,0,[]
prod-A,CAN,2026,15,0,0,[]
prod-A,CAN,2026,16,0,0,[]
prod-A,CAN,2026,17,0,0,[]
prod-A,CAN,2026,18,0,0,[]
prod-A,CAN,2026,19,0,0,[]
prod-A,CAN,2026,20,0,0,[]
prod-A,CAN,2026,21,0,0,[]
prod-A,CAN,2026,22,0,0,[]
prod-A,CAN,2026,23,0,0,[]
prod-A,CAN,2026,24,0,0,[]
prod-A,CAN,2026,25,0,0,[]
prod-A,CAN,2026,26,0,0,[]
prod-A,CAN,2026,27,0,0,[]
prod-A,CAN,2026,28,0,0,[]
prod-A,CAN,2026,29,0,0,[]
prod-A,CAN,2026,30,0,0,[]
prod-A,CAN,2026,31,0,0,[]
prod-A,CAN,2026,32,0,0,[]
prod-A,CAN,2026,33,0,0,[]
prod-A,CAN,2026,34,0,0,[]
prod-A,CAN,2026,35,0,0,[]
prod-A,CAN,2026,36,0,0,[]
prod-A,CAN,2026,37,0,0,[]
prod-A,CAN,2026,38,0,0,[]
prod-A,CAN,2026,39,0,0,[]
prod-A,CAN,2026,40,0,0,[]
prod-A,CAN,2026,41,0,0,[]
prod-A,CAN,2026,42,0,0,[]
prod-A,CAN,2026,43,0,0,[]
prod-A,CAN,2026,44,0,0,[]
prod-A,CAN,2026,45,0,0,[]
prod-A,CAN,2026,46,0,0,[]
prod-A,CAN,2026,47,0,0,[]
prod-A,CAN,2026,48,0,0,[]
prod-A,CAN,2026,49,0,0,[]
prod-A,CAN,2026,50,0,0,[]
prod-A,CAN,2026,51,0,0,[]
prod-A,CAN,2026,52,0,0,[]
prod-A,CAN,2026,53,0,0,[]
prod-A,CAN_D,2025,01,0,0,[]
prod-A,CAN_D,2025,02,0,0,[]
prod-A,CAN_D,2025,03,0,0,[]
prod-A,CAN_D,2025,04,0,0,[]
prod-A,CAN_D,2025,05,0,0,[]
prod-A,CAN_D,2025,06,0,0,[]
prod-A,CAN_D,2025,07,0,0,[]
prod-A,CAN_D,2025,08,0,0,[]
prod-A,CAN_D,2025,09,0,0,[]
prod-A,CAN_D,2025,10,0,0,[]
prod-A,CAN_D,2025,11,0,0,[]
prod-A,CAN_D,2025,12,0,0,[]
prod-A,CAN_D,2025,13,0,0,[]
prod-A,CAN_D,2025,14,0,0,[]
prod-A,CAN_D,2025,15,0,0,[]
prod-A,CAN_D,2025,16,0,0,[]
prod-A,CAN_D,2025,17,0,0,[]
prod-A,CAN_D,2025,18,0,0,[]
prod-A,CAN_D,2025,19,0,0,[]
prod-A,CAN_D,2025,20,0,0,[]
prod-A,CAN_D,2025,21,0,0,[]
prod-A,CAN_D,2025,22,0,0,[]
prod-A,CAN_D,2025,23,0,0,[]
prod-A,CAN_D,2025,24,0,0,[]
prod-A,CAN_D,2025,25,0,0,[]
prod-A,CAN_D,2025,26,0,0,[]
prod-A,CAN_D,2025,27,0,0,[]
prod-A,CAN_D,2025,28,0,0,[]
prod-A,CAN_D,2025,29,0,0,[]
prod-A,CAN_D,2025,30,0,0,[]
prod-A,CAN_D,2025,31,0,0,[]
prod-A,CAN_D,2025,32,0,0,[]
prod-A,CAN_D,2025,33,0,0,[]
prod-A,CAN_D,2025,34,0,0,[]
prod-A,CAN_D,2025,35,0,0,[]
prod-A,CAN_D,2025,36,0,0,[]
prod-A,CAN_D,2025,37,0,0,[]
prod-A,CAN_D,2025,38,0,0,[]
prod-A,CAN_D,2025,39,0,0,[]
prod-A,CAN_D,2025,40,0,0,[]
prod-A,CAN_D,2025,41,0,0,[]
prod-A,CAN_D,2025,42,0,0,[]
prod-A,CAN_D,2025,43,0,0,[]
prod-A,CAN_D,2025,44,0,0,[]
prod-A,CAN_D,2025,45,0,0,[]
prod-A,CAN_D,2025,46,0,0,[]
prod-A,CAN_D,2025,47,0,0,[]
prod-A,CAN_D,2025,48,0,0,[]
prod-A,CAN_D,2025,49,0,0,[]
prod-A,CAN_D,2025,50,0,0,[]
prod-A,CAN_D,2025,51,0,0,[]
prod-A,CAN_D,2025,52,0,0,[]
prod-A,CAN_D,2026,01,0,0,[]
prod-A,CAN_D,2026,02,0,0,[]
prod-A,CAN_D,2026,03,0,0,[]
prod-A,CAN_D,2026,04,0,0,[]
prod-A,CAN_D,2026,05,0,0,[]
prod-A,CAN_D,2026,06,0,0,[]
prod-A,CAN_D,2026,07,0,0,[]
prod-A,CAN_D,2026,08,0,0,[]
prod-A,CAN_D,2026,09,0,0,[]
prod-A,CAN_D,2026,10,0,0,[]
prod-A,CAN_D,2026,11,0,0,[]
prod-A,CAN_D,2026,12,0,0,[]
prod-A,CAN_D,2026,13,0,0,[]
prod-A,CAN_D,2026,14,0,0,[]
prod-A,CAN_D,2026,15,0,0,[]
prod-A,CAN_D,2026,16,0,0,[]
prod-A,CAN_D,2026,17,0,0,[]
prod-A,CAN_D,2026,18,0,0,[]
prod-A,CAN_D,2026,19,0,0,[]
prod-A,CAN_D,2026,20,0,0,[]
prod-A,CAN_D,2026,21,0,0,[]
prod-A,CAN_D,2026,22,0,0,[]
prod-A,CAN_D,2026,23,0,0,[]
prod-A,CAN_D,2026,24,0,0,[]
prod-A,CAN_D,2026,25,0,0,[]
prod-A,CAN_D,2026,26,0,0,[]
prod-A,CAN_D,2026,27,0,0,[]
prod-A,CAN_D,2026,28,0,0,[]
prod-A,CAN_D,2026,29,0,0,[]
prod-A,CAN_D,2026,30,0,0,[]
prod-A,CAN_D,2026,31,0,0,[]
prod-A,CAN_D,2026,32,0,0,[]
prod-A,CAN_D,2026,33,0,0,[]
prod-A,CAN_D,2026,34,0,0,[]
prod-A,CAN_D,2026,35,0,0,[]
prod-A,CAN_D,2026,36,0,0,[]
prod-A,CAN_D,2026,37,0,0,[]
prod-A,CAN_D,2026,38,0,0,[]
prod-A,CAN_D,2026,39,0,0,[]
prod-A,CAN_D,2026,40,0,0,[]
prod-A,CAN_D,2026,41,0,0,[]
prod-A,CAN_D,2026,42,0,0,[]
prod-A,CAN_D,2026,43,0,0,[]
prod-A,CAN_D,2026,44,0,0,[]
prod-A,CAN_D,2026,45,0,0,[]
prod-A,CAN_D,2026,46,0,0,[]
prod-A,CAN_D,2026,47,0,0,[]
prod-A,CAN_D,2026,48,0,0,[]
prod-A,CAN_D,2026,49,0,0,[]
prod-A,CAN_D,2026,50,0,0,[]
prod-A,CAN_D,2026,51,0,0,[]
prod-A,CAN_D,2026,52,0,0,[]
prod-A,CAN_D,2026,53,0,0,[]
prod-A,CAN_I,2025,01,0,0,[]
prod-A,CAN_I,2025,02,0,0,[]
prod-A,CAN_I,2025,03,0,0,[]
prod-A,CAN_I,2025,04,0,0,[]
prod-A,CAN_I,2025,05,0,0,[]
prod-A,CAN_I,2025,06,0,0,[]
prod-A,CAN_I,2025,07,0,0,[]
prod-A,CAN_I,2025,08,0,0,[]
prod-A,CAN_I,2025,09,0,0,[]
prod-A,CAN_I,2025,10,0,0,[]
prod-A,CAN_I,2025,11,0,0,[]
prod-A,CAN_I,2025,12,0,0,[]
prod-A,CAN_I,2025,13,0,0,[]
prod-A,CAN_I,2025,14,0,0,[]
prod-A,CAN_I,2025,15,0,0,[]
prod-A,CAN_I,2025,16,0,0,[]
prod-A,CAN_I,2025,17,0,0,[]
prod-A,CAN_I,2025,18,0,0,[]
prod-A,CAN_I,2025,19,0,0,[]
prod-A,CAN_I,2025,20,0,0,[]
prod-A,CAN_I,2025,21,0,0,[]
prod-A,CAN_I,2025,22,0,0,[]
prod-A,CAN_I,2025,23,0,0,[]
prod-A,CAN_I,2025,24,0,0,[]
prod-A,CAN_I,2025,25,0,0,[]
prod-A,CAN_I,2025,26,0,0,[]
prod-A,CAN_I,2025,27,0,0,[]
prod-A,CAN_I,2025,28,0,0,[]
prod-A,CAN_I,2025,29,0,0,[]
prod-A,CAN_I,2025,30,0,0,[]
prod-A,CAN_I,2025,31,0,0,[]
prod-A,CAN_I,2025,32,0,0,[]
prod-A,CAN_I,2025,33,0,0,[]
prod-A,CAN_I,2025,34,0,0,[]
prod-A,CAN_I,2025,35,0,0,[]
prod-A,CAN_I,2025,36,0,0,[]
prod-A,CAN_I,2025,37,0,0,[]
prod-A,CAN_I,2025,38,0,0,[]
prod-A,CAN_I,2025,39,0,0,[]
prod-A,CAN_I,2025,40,0,0,[]
prod-A,CAN_I,2025,41,0,0,[]
prod-A,CAN_I,2025,42,0,0,[]
prod-A,CAN_I,2025,43,0,0,[]
prod-A,CAN_I,2025,44,0,0,[]
prod-A,CAN_I,2025,45,0,0,[]
prod-A,CAN_I,2025,46,0,0,[]
prod-A,CAN_I,2025,47,0,0,[]
prod-A,CAN_I,2025,48,0,0,[]
prod-A,CAN_I,2025,49,0,0,[]
prod-A,CAN_I,2025,50,0,0,[]
prod-A,CAN_I,2025,51,0,0,[]
prod-A,CAN_I,2025,52,0,0,[]
prod-A,CAN_I,2026,01,0,0,[]
prod-A,CAN_I,2026,02,0,0,[]
prod-A,CAN_I,2026,03,0,0,[]
prod-A,CAN_I,2026,04,0,0,[]
prod-A,CAN_I,2026,05,0,0,[]
prod-A,CAN_I,2026,06,0,0,[]
prod-A,CAN_I,2026,07,0,0,[]
prod-A,CAN_I,2026,08,0,0,[]
prod-A,CAN_I,2026,09,0,0,[]
prod-A,CAN_I,2026,10,0,0,[]
prod-A,CAN_I,2026,11,0,0,[]
prod-A,CAN_I,2026,12,0,0,[]
prod-A,CAN_I,2026,13,0,0,[]
prod-A,CAN_I,2026,14,0,0,[]
prod-A,CAN_I,2026,15,0,0,[]
prod-A,CAN_I,2026,16,0,0,[]
prod-A,CAN_I,2026,17,0,0,[]
prod-A,CAN_I,2026,18,0,0,[]
prod-A,CAN_I,2026,19,0,0,[]
prod-A,CAN_I,2026,20,0,0,[]
prod-A,CAN_I,2026,21,0,0,[]
prod-A,CAN_I,2026,22,0,0,[]
prod-A,CAN_I,2026,23,0,0,[]
prod-A,CAN_I,2026,24,0,0,[]
prod-A,CAN_I,2026,25,0,0,[]
prod-A,CAN_I,2026,26,0,0,[]
prod-A,CAN_I,2026,27,0,0,[]
prod-A,CAN_I,2026,28,0,0,[]
prod-A,CAN_I,2026,29,0,0,[]
prod-A,CAN_I,2026,30,0,0,[]
prod-A,CAN_I,2026,31,0,0,[]
prod-A,CAN_I,2026,32,0,0,[]
prod-A,CAN_I,2026,33,0,0,[]
prod-A,CAN_I,2026,34,0,0,[]
prod-A,CAN_I,2026,35,0,0,[]
prod-A,CAN_I,2026,36,0,0,[]
prod-A,CAN_I,2026,37,0,0,[]
prod-A,CAN_I,2026,38,0,0,[]
prod-A,CAN_I,2026,39,0,0,[]
prod-A,CAN_I,2026,40,0,0,[]
prod-A,CAN_I,2026,41,0,0,[]
prod-A,CAN_I,2026,42,0,0,[]
prod-A,CAN_I,2026,43,0,0,[]
prod-A,CAN_I,2026,44,0,0,[]
prod-A,CAN_I,2026,45,0,0,[]
prod-A,CAN_I,2026,46,0,0,[]
prod-A,CAN_I,2026,47,0,0,[]
prod-A,CAN_I,2026,48,0,0,[]
prod-A,CAN_I,2026,49,0,0,[]
prod-A,CAN_I,2026,50,0,0,[]
prod-A,CAN_I,2026,51,0,0,[]
prod-A,CAN_I,2026,52,0,0,[]
prod-A,CAN_I,2026,53,0,0,[]
prod-A,CAN_N,2025,01,0,0,[]
prod-A,CAN_N,2025,02,0,0,[]
prod-A,CAN_N,2025,03,0,0,[]
prod-A,CAN_N,2025,04,0,0,[]
prod-A,CAN_N,2025,05,0,0,[]
prod-A,CAN_N,2025,06,0,0,[]
prod-A,CAN_N,2025,07,0,0,[]
prod-A,CAN_N,2025,08,0,0,[]
prod-A,CAN_N,2025,09,0,0,[]
prod-A,CAN_N,2025,10,0,0,[]
prod-A,CAN_N,2025,11,0,0,[]
prod-A,CAN_N,2025,12,0,0,[]
prod-A,CAN_N,2025,13,0,0,[]
prod-A,CAN_N,2025,14,0,0,[]
prod-A,CAN_N,2025,15,0,0,[]
prod-A,CAN_N,2025,16,0,0,[]
prod-A,CAN_N,2025,17,0,0,[]
prod-A,CAN_N,2025,18,0,0,[]
prod-A,CAN_N,2025,19,0,0,[]
prod-A,CAN_N,2025,20,0,0,[]
prod-A,CAN_N,2025,21,0,0,[]
prod-A,CAN_N,2025,22,0,0,[]
prod-A,CAN_N,2025,23,0,0,[]
prod-A,CAN_N,2025,24,0,0,[]
prod-A,CAN_N,2025,25,0,0,[]
prod-A,CAN_N,2025,26,0,0,[]
prod-A,CAN_N,2025,27,0,0,[]
prod-A,CAN_N,2025,28,0,0,[]
prod-A,CAN_N,2025,29,0,0,[]
prod-A,CAN_N,2025,30,0,0,[]
prod-A,CAN_N,2025,31,0,0,[]
prod-A,CAN_N,2025,32,0,0,[]
prod-A,CAN_N,2025,33,0,0,[]
prod-A,CAN_N,2025,34,0,0,[]
prod-A,CAN_N,2025,35,0,0,[]
prod-A,CAN_N,2025,36,0,0,[]
prod-A,CAN_N,2025,37,0,0,[]
prod-A,CAN_N,2025,38,0,0,[]
prod-A,CAN_N,2025,39,0,0,[]
prod-A,CAN_N,2025,40,0,0,[]
prod-A,CAN_N,2025,41,0,0,[]
prod-A,CAN_N,2025,42,0,0,[]
prod-A,CAN_N,2025,43,0,0,[]
prod-A,CAN_N,2025,44,0,0,[]
prod-A,CAN_N,2025,45,0,0,[]
prod-A,CAN_N,2025,46,0,0,[]
prod-A,CAN_N,2025,47,0,0,[]
prod-A,CAN_N,2025,48,0,0,[]
prod-A,CAN_N,2025,49,0,0,[]
prod-A,CAN_N,2025,50,0,0,[]
prod-A,CAN_N,2025,51,0,0,[]
prod-A,CAN_N,2025,52,0,0,[]
prod-A,CAN_N,2026,01,0,0,[]
prod-A,CAN_N,2026,02,0,0,[]
prod-A,CAN_N,2026,03,0,0,[]
prod-A,CAN_N,2026,04,0,0,[]
prod-A,CAN_N,2026,05,0,0,[]
prod-A,CAN_N,2026,06,0,0,[]
prod-A,CAN_N,2026,07,0,0,[]
prod-A,CAN_N,2026,08,0,0,[]
prod-A,CAN_N,2026,09,0,0,[]
prod-A,CAN_N,2026,10,0,0,[]
prod-A,CAN_N,2026,11,0,0,[]
prod-A,CAN_N,2026,12,0,0,[]
prod-A,CAN_N,2026,13,0,0,[]
prod-A,CAN_N,2026,14,0,0,[]
prod-A,CAN_N,2026,15,0,0,[]
prod-A,CAN_N,2026,16,0,0,[]
prod-A,CAN_N,2026,17,0,0,[]
prod-A,CAN_N,2026,18,0,0,[]
prod-A,CAN_N,2026,19,0,0,[]
prod-A,CAN_N,2026,20,0,0,[]
prod-A,CAN_N,2026,21,0,0,[]
prod-A,CAN_N,2026,22,0,0,[]
prod-A,CAN_N,2026,23,0,0,[]
prod-A,CAN_N,2026,24,0,0,[]
prod-A,CAN_N,2026,25,0,0,[]
prod-A,CAN_N,2026,26,0,0,[]
prod-A,CAN_N,2026,27,0,0,[]
prod-A,CAN_N,2026,28,0,0,[]
prod-A,CAN_N,2026,29,0,0,[]
prod-A,CAN_N,2026,30,0,0,[]
prod-A,CAN_N,2026,31,0,0,[]
prod-A,CAN_N,2026,32,0,0,[]
prod-A,CAN_N,2026,33,0,0,[]
prod-A,CAN_N,2026,34,0,0,[]
prod-A,CAN_N,2026,35,0,0,[]
prod-A,CAN_N,2026,36,0,0,[]
prod-A,CAN_N,2026,37,0,0,[]
prod-A,CAN_N,2026,38,0,0,[]
prod-A,CAN_N,2026,39,0,0,[]
prod-A,CAN_N,2026,40,0,0,[]
prod-A,CAN_N,2026,41,0,0,[]
prod-A,CAN_N,2026,42,0,0,[]
prod-A,CAN_N,2026,43,0,0,[]
prod-A,CAN_N,2026,44,0,0,[]
prod-A,CAN_N,2026,45,0,0,[]
prod-A,CAN_N,2026,46,0,0,[]
prod-A,CAN_N,2026,47,0,0,[]
prod-A,CAN_N,2026,48,0,0,[]
prod-A,CAN_N,2026,49,0,0,[]
prod-A,CAN_N,2026,50,0,0,[]
prod-A,CAN_N,2026,51,0,0,[]
prod-A,CAN_N,2026,52,0,0,[]
prod-A,CAN_N,2026,53,0,0,[]
prod-A,FRALEAF,2025,01,0,0,[]
prod-A,FRALEAF,2025,02,0,0,[]
prod-A,FRALEAF,2025,03,0,0,[]
prod-A,FRALEAF,2025,04,0,0,[]
prod-A,FRALEAF,2025,05,0,0,[]
prod-A,FRALEAF,2025,06,0,0,[]
prod-A,FRALEAF,2025,07,0,0,[]
prod-A,FRALEAF,2025,08,0,0,[]
prod-A,FRALEAF,2025,09,0,0,[]
prod-A,FRALEAF,2025,10,0,0,[]
prod-A,FRALEAF,2025,11,0,0,[]
prod-A,FRALEAF,2025,12,0,0,[]
prod-A,FRALEAF,2025,13,0,0,[]
prod-A,FRALEAF,2025,14,0,0,[]
prod-A,FRALEAF,2025,15,0,0,[]
prod-A,FRALEAF,2025,16,0,0,[]
prod-A,FRALEAF,2025,17,0,0,[]
prod-A,FRALEAF,2025,18,0,0,[]
prod-A,FRALEAF,2025,19,0,0,[]
prod-A,FRALEAF,2025,20,0,0,[]
prod-A,FRALEAF,2025,21,0,0,[]
prod-A,FRALEAF,2025,22,0,0,[]
prod-A,FRALEAF,2025,23,0,0,[]
prod-A,FRALEAF,2025,24,0,0,[]
prod-A,FRALEAF,2025,25,0,0,[]
prod-A,FRALEAF,2025,26,0,0,[]
prod-A,FRALEAF,2025,27,0,0,[]
prod-A,FRALEAF,2025,28,0,0,[]
prod-A,FRALEAF,2025,29,0,0,[]
prod-A,FRALEAF,2025,30,0,0,[]
prod-A,FRALEAF,2025,31,0,0,[]
prod-A,FRALEAF,2025,32,0,0,[]
prod-A,FRALEAF,2025,33,0,0,[]
prod-A,FRALEAF,2025,34,0,0,[]
prod-A,FRALEAF,2025,35,0,0,[]
prod-A,FRALEAF,2025,36,0,0,[]
prod-A,FRALEAF,2025,37,0,0,[]
prod-A,FRALEAF,2025,38,0,0,[]
prod-A,FRALEAF,2025,39,0,0,[]
prod-A,FRALEAF,2025,40,0,0,[]
prod-A,FRALEAF,2025,41,0,0,[]
prod-A,FRALEAF,2025,42,0,0,[]
prod-A,FRALEAF,2025,43,0,0,[]
prod-A,FRALEAF,2025,44,0,0,[]
prod-A,FRALEAF,2025,45,0,0,[]
prod-A,FRALEAF,2025,46,0,0,[]
prod-A,FRALEAF,2025,47,0,0,[]
prod-A,FRALEAF,2025,48,0,0,[]
prod-A,FRALEAF,2025,49,0,0,[]
prod-A,FRALEAF,2025,50,0,0,[]
prod-A,FRALEAF,2025,51,0,0,[]
prod-A,FRALEAF,2025,52,0,0,[]
prod-A,FRALEAF,2026,01,0,0,[]
prod-A,FRALEAF,2026,02,0,0,[]
prod-A,FRALEAF,2026,03,0,0,[]
prod-A,FRALEAF,2026,04,0,0,[]
prod-A,FRALEAF,2026,05,0,0,[]
prod-A,FRALEAF,2026,06,0,0,[]
prod-A,FRALEAF,2026,07,0,0,[]
prod-A,FRALEAF,2026,08,0,0,[]
prod-A,FRALEAF,2026,09,0,0,[]
prod-A,FRALEAF,2026,10,0,0,[]
prod-A,FRALEAF,2026,11,0,0,[]
prod-A,FRALEAF,2026,12,0,0,[]
prod-A,FRALEAF,2026,13,0,0,[]
prod-A,FRALEAF,2026,14,0,0,[]
prod-A,FRALEAF,2026,15,0,0,[]
prod-A,FRALEAF,2026,16,0,0,[]
prod-A,FRALEAF,2026,17,0,0,[]
prod-A,FRALEAF,2026,18,0,0,[]
prod-A,FRALEAF,2026,19,0,0,[]
prod-A,FRALEAF,2026,20,0,0,[]
prod-A,FRALEAF,2026,21,0,0,[]
prod-A,FRALEAF,2026,22,0,0,[]
prod-A,FRALEAF,2026,23,0,0,[]
prod-A,FRALEAF,2026,24,0,0,[]
prod-A,FRALEAF,2026,25,0,0,[]
prod-A,FRALEAF,2026,26,0,0,[]
prod-A,FRALEAF,2026,27,0,0,[]
prod-A,FRALEAF,2026,28,0,0,[]
prod-A,FRALEAF,2026,29,0,0,[]
prod-A,FRALEAF,2026,30,0,0,[]
prod-A,FRALEAF,2026,31,0,0,[]
prod-A,FRALEAF,2026,32,0,0,[]
prod-A,FRALEAF,2026,33,0,0,[]
prod-A,FRALEAF,2026,34,0,0,[]
prod-A,FRALEAF,2026,35,0,0,[]
prod-A,FRALEAF,2026,36,0,0,[]
prod-A,FRALEAF,2026,37,0,0,[]
prod-A,FRALEAF,2026,38,0,0,[]
prod-A,FRALEAF,2026,39,0,0,[]
prod-A,FRALEAF,2026,40,0,0,[]
prod-A,FRALEAF,2026,41,0,0,[]
prod-A,FRALEAF,2026,42,0,0,[]
prod-A,FRALEAF,2026,43,0,0,[]
prod-A,FRALEAF,2026,44,0,0,[]
prod-A,FRALEAF,2026,45,0,0,[]
prod-A,FRALEAF,2026,46,0,0,[]
prod-A,FRALEAF,2026,47,0,0,[]
prod-A,FRALEAF,2026,48,0,0,[]
prod-A,FRALEAF,2026,49,0,0,[]
prod-A,FRALEAF,2026,50,0,0,[]
prod-A,FRALEAF,2026,51,0,0,[]
prod-A,FRALEAF,2026,52,0,0,[]
prod-A,FRALEAF,2026,53,0,0,[]
prod-A,HAM,2025,01,0,0,[]
prod-A,HAM,2025,02,0,0,[]
prod-A,HAM,2025,03,0,0,[]
prod-A,HAM,2025,04,0,0,[]
prod-A,HAM,2025,05,0,0,[]
prod-A,HAM,2025,06,0,0,[]
prod-A,HAM,2025,07,0,0,[]
prod-A,HAM,2025,08,0,0,[]
prod-A,HAM,2025,09,0,0,[]
prod-A,HAM,2025,10,0,0,[]
prod-A,HAM,2025,11,0,0,[]
prod-A,HAM,2025,12,0,0,[]
prod-A,HAM,2025,13,0,0,[]
prod-A,HAM,2025,14,0,0,[]
prod-A,HAM,2025,15,0,0,[]
prod-A,HAM,2025,16,0,0,[]
prod-A,HAM,2025,17,0,0,[]
prod-A,HAM,2025,18,0,0,[]
prod-A,HAM,2025,19,0,0,[]
prod-A,HAM,2025,20,0,0,[]
prod-A,HAM,2025,21,0,0,[]
prod-A,HAM,2025,22,0,0,[]
prod-A,HAM,2025,23,0,0,[]
prod-A,HAM,2025,24,0,0,[]
prod-A,HAM,2025,25,0,0,[]
prod-A,HAM,2025,26,0,0,[]
prod-A,HAM,2025,27,0,0,[]
prod-A,HAM,2025,28,0,0,[]
prod-A,HAM,2025,29,0,0,[]
prod-A,HAM,2025,30,0,0,[]
prod-A,HAM,2025,31,0,0,[]
prod-A,HAM,2025,32,0,0,[]
prod-A,HAM,2025,33,0,0,[]
prod-A,HAM,2025,34,0,0,[]
prod-A,HAM,2025,35,0,0,[]
prod-A,HAM,2025,36,0,0,[]
prod-A,HAM,2025,37,0,0,[]
prod-A,HAM,2025,38,0,0,[]
prod-A,HAM,2025,39,0,0,[]
prod-A,HAM,2025,40,0,0,[]
prod-A,HAM,2025,41,0,0,[]
prod-A,HAM,2025,42,0,0,[]
prod-A,HAM,2025,43,0,0,[]
prod-A,HAM,2025,44,0,0,[]
prod-A,HAM,2025,45,0,0,[]
prod-A,HAM,2025,46,0,0,[]
prod-A,HAM,2025,47,0,0,[]
prod-A,HAM,2025,48,0,0,[]
prod-A,HAM,2025,49,0,0,[]
prod-A,HAM,2025,50,0,0,[]
prod-A,HAM,2025,51,0,0,[]
prod-A,HAM,2025,52,0,0,[]
prod-A,HAM,2026,01,0,0,[]
prod-A,HAM,2026,02,0,0,[]
prod-A,HAM,2026,03,0,0,[]
prod-A,HAM,2026,04,0,0,[]
prod-A,HAM,2026,05,0,0,[]
prod-A,HAM,2026,06,0,0,[]
prod-A,HAM,2026,07,0,0,[]
prod-A,HAM,2026,08,0,0,[]
prod-A,HAM,2026,09,0,0,[]
prod-A,HAM,2026,10,0,0,[]
prod-A,HAM,2026,11,0,0,[]
prod-A,HAM,2026,12,0,0,[]
prod-A,HAM,2026,13,0,0,[]
prod-A,HAM,2026,14,0,0,[]
prod-A,HAM,2026,15,0,0,[]
prod-A,HAM,2026,16,0,0,[]
prod-A,HAM,2026,17,0,0,[]
prod-A,HAM,2026,18,0,0,[]
prod-A,HAM,2026,19,0,0,[]
prod-A,HAM,2026,20,0,0,[]
prod-A,HAM,2026,21,0,0,[]
prod-A,HAM,2026,22,0,0,[]
prod-A,HAM,2026,23,0,0,[]
prod-A,HAM,2026,24,0,0,[]
prod-A,HAM,2026,25,0,0,[]
prod-A,HAM,2026,26,0,0,[]
prod-A,HAM,2026,27,0,0,[]
prod-A,HAM,2026,28,0,0,[]
prod-A,HAM,2026,29,0,0,[]
prod-A,HAM,2026,30,0,0,[]
prod-A,HAM,2026,31,0,0,[]
prod-A,HAM,2026,32,0,0,[]
prod-A,HAM,2026,33,0,0,[]
prod-A,HAM,2026,34,0,0,[]
prod-A,HAM,2026,35,0,0,[]
prod-A,HAM,2026,36,0,0,[]
prod-A,HAM,2026,37,0,0,[]
prod-A,HAM,2026,38,0,0,[]
prod-A,HAM,2026,39,0,0,[]
prod-A,HAM,2026,40,0,0,[]
prod-A,HAM,2026,41,0,0,[]
prod-A,HAM,2026,42,0,0,[]
prod-A,HAM,2026,43,0,0,[]
prod-A,HAM,2026,44,0,0,[]
prod-A,HAM,2026,45,0,0,[]
prod-A,HAM,2026,46,0,0,[]
prod-A,HAM,2026,47,0,0,[]
prod-A,HAM,2026,48,0,0,[]
prod-A,HAM,2026,49,0,0,[]
prod-A,HAM,2026,50,0,0,[]
prod-A,HAM,2026,51,0,0,[]
prod-A,HAM,2026,52,0,0,[]
prod-A,HAM,2026,53,0,0,[]
prod-A,HAM_D,2025,01,0,0,[]
prod-A,HAM_D,2025,02,0,0,[]
prod-A,HAM_D,2025,03,0,0,[]
prod-A,HAM_D,2025,04,0,0,[]
prod-A,HAM_D,2025,05,0,0,[]
prod-A,HAM_D,2025,06,0,0,[]
prod-A,HAM_D,2025,07,0,0,[]
prod-A,HAM_D,2025,08,0,0,[]
prod-A,HAM_D,2025,09,0,0,[]
prod-A,HAM_D,2025,10,0,0,[]
prod-A,HAM_D,2025,11,0,0,[]
prod-A,HAM_D,2025,12,0,0,[]
prod-A,HAM_D,2025,13,0,0,[]
prod-A,HAM_D,2025,14,0,0,[]
prod-A,HAM_D,2025,15,0,0,[]
prod-A,HAM_D,2025,16,0,0,[]
prod-A,HAM_D,2025,17,0,0,[]
prod-A,HAM_D,2025,18,0,0,[]
prod-A,HAM_D,2025,19,0,0,[]
prod-A,HAM_D,2025,20,0,0,[]
prod-A,HAM_D,2025,21,0,0,[]
prod-A,HAM_D,2025,22,0,0,[]
prod-A,HAM_D,2025,23,0,0,[]
prod-A,HAM_D,2025,24,0,0,[]
prod-A,HAM_D,2025,25,0,0,[]
prod-A,HAM_D,2025,26,0,0,[]
prod-A,HAM_D,2025,27,0,0,[]
prod-A,HAM_D,2025,28,0,0,[]
prod-A,HAM_D,2025,29,0,0,[]
prod-A,HAM_D,2025,30,0,0,[]
prod-A,HAM_D,2025,31,0,0,[]
prod-A,HAM_D,2025,32,0,0,[]
prod-A,HAM_D,2025,33,0,0,[]
prod-A,HAM_D,2025,34,0,0,[]
prod-A,HAM_D,2025,35,0,0,[]
prod-A,HAM_D,2025,36,0,0,[]
prod-A,HAM_D,2025,37,0,0,[]
prod-A,HAM_D,2025,38,0,0,[]
prod-A,HAM_D,2025,39,0,0,[]
prod-A,HAM_D,2025,40,0,0,[]
prod-A,HAM_D,2025,41,0,0,[]
prod-A,HAM_D,2025,42,0,0,[]
prod-A,HAM_D,2025,43,0,0,[]
prod-A,HAM_D,2025,44,0,0,[]
prod-A,HAM_D,2025,45,0,0,[]
prod-A,HAM_D,2025,46,0,0,[]
prod-A,HAM_D,2025,47,0,0,[]
prod-A,HAM_D,2025,48,0,0,[]
prod-A,HAM_D,2025,49,0,0,[]
prod-A,HAM_D,2025,50,0,0,[]
prod-A,HAM_D,2025,51,0,0,[]
prod-A,HAM_D,2025,52,0,0,[]
prod-A,HAM_D,2026,01,0,0,[]
prod-A,HAM_D,2026,02,0,0,[]
prod-A,HAM_D,2026,03,0,0,[]
prod-A,HAM_D,2026,04,0,0,[]
prod-A,HAM_D,2026,05,0,0,[]
prod-A,HAM_D,2026,06,0,0,[]
prod-A,HAM_D,2026,07,0,0,[]
prod-A,HAM_D,2026,08,0,0,[]
prod-A,HAM_D,2026,09,0,0,[]
prod-A,HAM_D,2026,10,0,0,[]
prod-A,HAM_D,2026,11,0,0,[]
prod-A,HAM_D,2026,12,0,0,[]
prod-A,HAM_D,2026,13,0,0,[]
prod-A,HAM_D,2026,14,0,0,[]
prod-A,HAM_D,2026,15,0,0,[]
prod-A,HAM_D,2026,16,0,0,[]
prod-A,HAM_D,2026,17,0,0,[]
prod-A,HAM_D,2026,18,0,0,[]
prod-A,HAM_D,2026,19,0,0,[]
prod-A,HAM_D,2026,20,0,0,[]
prod-A,HAM_D,2026,21,0,0,[]
prod-A,HAM_D,2026,22,0,0,[]
prod-A,HAM_D,2026,23,0,0,[]
prod-A,HAM_D,2026,24,0,0,[]
prod-A,HAM_D,2026,25,0,0,[]
prod-A,HAM_D,2026,26,0,0,[]
prod-A,HAM_D,2026,27,0,0,[]
prod-A,HAM_D,2026,28,0,0,[]
prod-A,HAM_D,2026,29,0,0,[]
prod-A,HAM_D,2026,30,0,0,[]
prod-A,HAM_D,2026,31,0,0,[]
prod-A,HAM_D,2026,32,0,0,[]
prod-A,HAM_D,2026,33,0,0,[]
prod-A,HAM_D,2026,34,0,0,[]
prod-A,HAM_D,2026,35,0,0,[]
prod-A,HAM_D,2026,36,0,0,[]
prod-A,HAM_D,2026,37,0,0,[]
prod-A,HAM_D,2026,38,0,0,[]
prod-A,HAM_D,2026,39,0,0,[]
prod-A,HAM_D,2026,40,0,0,[]
prod-A,HAM_D,2026,41,0,0,[]
prod-A,HAM_D,2026,42,0,0,[]
prod-A,HAM_D,2026,43,0,0,[]
prod-A,HAM_D,2026,44,0,0,[]
prod-A,HAM_D,2026,45,0,0,[]
prod-A,HAM_D,2026,46,0,0,[]
prod-A,HAM_D,2026,47,0,0,[]
prod-A,HAM_D,2026,48,0,0,[]
prod-A,HAM_D,2026,49,0,0,[]
prod-A,HAM_D,2026,50,0,0,[]
prod-A,HAM_D,2026,51,0,0,[]
prod-A,HAM_D,2026,52,0,0,[]
prod-A,HAM_D,2026,53,0,0,[]
prod-A,HAM_I,2025,01,0,0,[]
prod-A,HAM_I,2025,02,0,0,[]
prod-A,HAM_I,2025,03,0,0,[]
prod-A,HAM_I,2025,04,0,0,[]
prod-A,HAM_I,2025,05,0,0,[]
prod-A,HAM_I,2025,06,0,0,[]
prod-A,HAM_I,2025,07,0,0,[]
prod-A,HAM_I,2025,08,0,0,[]
prod-A,HAM_I,2025,09,0,0,[]
prod-A,HAM_I,2025,10,0,0,[]
prod-A,HAM_I,2025,11,0,0,[]
prod-A,HAM_I,2025,12,0,0,[]
prod-A,HAM_I,2025,13,0,0,[]
prod-A,HAM_I,2025,14,0,0,[]
prod-A,HAM_I,2025,15,0,0,[]
prod-A,HAM_I,2025,16,0,0,[]
prod-A,HAM_I,2025,17,0,0,[]
prod-A,HAM_I,2025,18,0,0,[]
prod-A,HAM_I,2025,19,0,0,[]
prod-A,HAM_I,2025,20,0,0,[]
prod-A,HAM_I,2025,21,0,0,[]
prod-A,HAM_I,2025,22,0,0,[]
prod-A,HAM_I,2025,23,0,0,[]
prod-A,HAM_I,2025,24,0,0,[]
prod-A,HAM_I,2025,25,0,0,[]
prod-A,HAM_I,2025,26,0,0,[]
prod-A,HAM_I,2025,27,0,0,[]
prod-A,HAM_I,2025,28,0,0,[]
prod-A,HAM_I,2025,29,0,0,[]
prod-A,HAM_I,2025,30,0,0,[]
prod-A,HAM_I,2025,31,0,0,[]
prod-A,HAM_I,2025,32,0,0,[]
prod-A,HAM_I,2025,33,0,0,[]
prod-A,HAM_I,2025,34,0,0,[]
prod-A,HAM_I,2025,35,0,0,[]
prod-A,HAM_I,2025,36,0,0,[]
prod-A,HAM_I,2025,37,0,0,[]
prod-A,HAM_I,2025,38,0,0,[]
prod-A,HAM_I,2025,39,0,0,[]
prod-A,HAM_I,2025,40,0,0,[]
prod-A,HAM_I,2025,41,0,0,[]
prod-A,HAM_I,2025,42,0,0,[]
prod-A,HAM_I,2025,43,0,0,[]
prod-A,HAM_I,2025,44,0,0,[]
prod-A,HAM_I,2025,45,0,0,[]
prod-A,HAM_I,2025,46,0,0,[]
prod-A,HAM_I,2025,47,0,0,[]
prod-A,HAM_I,2025,48,0,0,[]
prod-A,HAM_I,2025,49,0,0,[]
prod-A,HAM_I,2025,50,0,0,[]
prod-A,HAM_I,2025,51,0,0,[]
prod-A,HAM_I,2025,52,0,0,[]
prod-A,HAM_I,2026,01,0,0,[]
prod-A,HAM_I,2026,02,0,0,[]
prod-A,HAM_I,2026,03,0,0,[]
prod-A,HAM_I,2026,04,0,0,[]
prod-A,HAM_I,2026,05,0,0,[]
prod-A,HAM_I,2026,06,0,0,[]
prod-A,HAM_I,2026,07,0,0,[]
prod-A,HAM_I,2026,08,0,0,[]
prod-A,HAM_I,2026,09,0,0,[]
prod-A,HAM_I,2026,10,0,0,[]
prod-A,HAM_I,2026,11,0,0,[]
prod-A,HAM_I,2026,12,0,0,[]
prod-A,HAM_I,2026,13,0,0,[]
prod-A,HAM_I,2026,14,0,0,[]
prod-A,HAM_I,2026,15,0,0,[]
prod-A,HAM_I,2026,16,0,0,[]
prod-A,HAM_I,2026,17,0,0,[]
prod-A,HAM_I,2026,18,0,0,[]
prod-A,HAM_I,2026,19,0,0,[]
prod-A,HAM_I,2026,20,0,0,[]
prod-A,HAM_I,2026,21,0,0,[]
prod-A,HAM_I,2026,22,0,0,[]
prod-A,HAM_I,2026,23,0,0,[]
prod-A,HAM_I,2026,24,0,0,[]
prod-A,HAM_I,2026,25,0,0,[]
prod-A,HAM_I,2026,26,0,0,[]
prod-A,HAM_I,2026,27,0,0,[]
prod-A,HAM_I,2026,28,0,0,[]
prod-A,HAM_I,2026,29,0,0,[]
prod-A,HAM_I,2026,30,0,0,[]
prod-A,HAM_I,2026,31,0,0,[]
prod-A,HAM_I,2026,32,0,0,[]
prod-A,HAM_I,2026,33,0,0,[]
prod-A,HAM_I,2026,34,0,0,[]
prod-A,HAM_I,2026,35,0,0,[]
prod-A,HAM_I,2026,36,0,0,[]
prod-A,HAM_I,2026,37,0,0,[]
prod-A,HAM_I,2026,38,0,0,[]
prod-A,HAM_I,2026,39,0,0,[]
prod-A,HAM_I,2026,40,0,0,[]
prod-A,HAM_I,2026,41,0,0,[]
prod-A,HAM_I,2026,42,0,0,[]
prod-A,HAM_I,2026,43,0,0,[]
prod-A,HAM_I,2026,44,0,0,[]
prod-A,HAM_I,2026,45,0,0,[]
prod-A,HAM_I,2026,46,0,0,[]
prod-A,HAM_I,2026,47,0,0,[]
prod-A,HAM_I,2026,48,0,0,[]
prod-A,HAM_I,2026,49,0,0,[]
prod-A,HAM_I,2026,50,0,0,[]
prod-A,HAM_I,2026,51,0,0,[]
prod-A,HAM_I,2026,52,0,0,[]
prod-A,HAM_I,2026,53,0,0,[]
prod-A,HAM_N,2025,01,0,0,[]
prod-A,HAM_N,2025,02,0,0,[]
prod-A,HAM_N,2025,03,0,0,[]
prod-A,HAM_N,2025,04,0,0,[]
prod-A,HAM_N,2025,05,0,0,[]
prod-A,HAM_N,2025,06,0,0,[]
prod-A,HAM_N,2025,07,0,0,[]
prod-A,HAM_N,2025,08,0,0,[]
prod-A,HAM_N,2025,09,0,0,[]
prod-A,HAM_N,2025,10,0,0,[]
prod-A,HAM_N,2025,11,0,0,[]
prod-A,HAM_N,2025,12,0,0,[]
prod-A,HAM_N,2025,13,0,0,[]
prod-A,HAM_N,2025,14,0,0,[]
prod-A,HAM_N,2025,15,0,0,[]
prod-A,HAM_N,2025,16,0,0,[]
prod-A,HAM_N,2025,17,0,0,[]
prod-A,HAM_N,2025,18,0,0,[]
prod-A,HAM_N,2025,19,0,0,[]
prod-A,HAM_N,2025,20,0,0,[]
prod-A,HAM_N,2025,21,0,0,[]
prod-A,HAM_N,2025,22,0,0,[]
prod-A,HAM_N,2025,23,0,0,[]
prod-A,HAM_N,2025,24,0,0,[]
prod-A,HAM_N,2025,25,0,0,[]
prod-A,HAM_N,2025,26,0,0,[]
prod-A,HAM_N,2025,27,0,0,[]
prod-A,HAM_N,2025,28,0,0,[]
prod-A,HAM_N,2025,29,0,0,[]
prod-A,HAM_N,2025,30,0,0,[]
prod-A,HAM_N,2025,31,0,0,[]
prod-A,HAM_N,2025,32,0,0,[]
prod-A,HAM_N,2025,33,0,0,[]
prod-A,HAM_N,2025,34,0,0,[]
prod-A,HAM_N,2025,35,0,0,[]
prod-A,HAM_N,2025,36,0,0,[]
prod-A,HAM_N,2025,37,0,0,[]
prod-A,HAM_N,2025,38,0,0,[]
prod-A,HAM_N,2025,39,0,0,[]
prod-A,HAM_N,2025,40,0,0,[]
prod-A,HAM_N,2025,41,0,0,[]
prod-A,HAM_N,2025,42,0,0,[]
prod-A,HAM_N,2025,43,0,0,[]
prod-A,HAM_N,2025,44,0,0,[]
prod-A,HAM_N,2025,45,0,0,[]
prod-A,HAM_N,2025,46,0,0,[]
prod-A,HAM_N,2025,47,0,0,[]
prod-A,HAM_N,2025,48,0,0,[]
prod-A,HAM_N,2025,49,0,0,[]
prod-A,HAM_N,2025,50,0,0,[]
prod-A,HAM_N,2025,51,0,0,[]
prod-A,HAM_N,2025,52,0,0,[]
prod-A,HAM_N,2026,01,0,0,[]
prod-A,HAM_N,2026,02,0,0,[]
prod-A,HAM_N,2026,03,0,0,[]
prod-A,HAM_N,2026,04,0,0,[]
prod-A,HAM_N,2026,05,0,0,[]
prod-A,HAM_N,2026,06,0,0,[]
prod-A,HAM_N,2026,07,0,0,[]
prod-A,HAM_N,2026,08,0,0,[]
prod-A,HAM_N,2026,09,0,0,[]
prod-A,HAM_N,2026,10,0,0,[]
prod-A,HAM_N,2026,11,0,0,[]
prod-A,HAM_N,2026,12,0,0,[]
prod-A,HAM_N,2026,13,0,0,[]
prod-A,HAM_N,2026,14,0,0,[]
prod-A,HAM_N,2026,15,0,0,[]
prod-A,HAM_N,2026,16,0,0,[]
prod-A,HAM_N,2026,17,0,0,[]
prod-A,HAM_N,2026,18,0,0,[]
prod-A,HAM_N,2026,19,0,0,[]
prod-A,HAM_N,2026,20,0,0,[]
prod-A,HAM_N,2026,21,0,0,[]
prod-A,HAM_N,2026,22,0,0,[]
prod-A,HAM_N,2026,23,0,0,[]
prod-A,HAM_N,2026,24,0,0,[]
prod-A,HAM_N,2026,25,0,0,[]
prod-A,HAM_N,2026,26,0,0,[]
prod-A,HAM_N,2026,27,0,0,[]
prod-A,HAM_N,2026,28,0,0,[]
prod-A,HAM_N,2026,29,0,0,[]
prod-A,HAM_N,2026,30,0,0,[]
prod-A,HAM_N,2026,31,0,0,[]
prod-A,HAM_N,2026,32,0,0,[]
prod-A,HAM_N,2026,33,0,0,[]
prod-A,HAM_N,2026,34,0,0,[]
prod-A,HAM_N,2026,35,0,0,[]
prod-A,HAM_N,2026,36,0,0,[]
prod-A,HAM_N,2026,37,0,0,[]
prod-A,HAM_N,2026,38,0,0,[]
prod-A,HAM_N,2026,39,0,0,[]
prod-A,HAM_N,2026,40,0,0,[]
prod-A,HAM_N,2026,41,0,0,[]
prod-A,HAM_N,2026,42,0,0,[]
prod-A,HAM_N,2026,43,0,0,[]
prod-A,HAM_N,2026,44,0,0,[]
prod-A,HAM_N,2026,45,0,0,[]
prod-A,HAM_N,2026,46,0,0,[]
prod-A,HAM_N,2026,47,0,0,[]
prod-A,HAM_N,2026,48,0,0,[]
prod-A,HAM_N,2026,49,0,0,[]
prod-A,HAM_N,2026,50,0,0,[]
prod-A,HAM_N,2026,51,0,0,[]
prod-A,HAM_N,2026,52,0,0,[]
prod-A,HAM_N,2026,53,0,0,[]
prod-A,JPN,2025,01,0,0,[]
prod-A,JPN,2025,02,0,0,[]
prod-A,JPN,2025,03,0,0,[]
prod-A,JPN,2025,04,0,0,[]
prod-A,JPN,2025,05,0,0,[]
prod-A,JPN,2025,06,0,0,[]
prod-A,JPN,2025,07,0,0,[]
prod-A,JPN,2025,08,0,0,[]
prod-A,JPN,2025,09,0,0,[]
prod-A,JPN,2025,10,0,0,[]
prod-A,JPN,2025,11,0,0,[]
prod-A,JPN,2025,12,0,0,[]
prod-A,JPN,2025,13,0,0,[]
prod-A,JPN,2025,14,0,0,[]
prod-A,JPN,2025,15,0,0,[]
prod-A,JPN,2025,16,0,0,[]
prod-A,JPN,2025,17,0,0,[]
prod-A,JPN,2025,18,0,0,[]
prod-A,JPN,2025,19,0,0,[]
prod-A,JPN,2025,20,0,0,[]
prod-A,JPN,2025,21,0,0,[]
prod-A,JPN,2025,22,0,0,[]
prod-A,JPN,2025,23,0,0,[]
prod-A,JPN,2025,24,0,0,[]
prod-A,JPN,2025,25,0,0,[]
prod-A,JPN,2025,26,0,0,[]
prod-A,JPN,2025,27,0,0,[]
prod-A,JPN,2025,28,0,0,[]
prod-A,JPN,2025,29,0,0,[]
prod-A,JPN,2025,30,0,0,[]
prod-A,JPN,2025,31,0,0,[]
prod-A,JPN,2025,32,0,0,[]
prod-A,JPN,2025,33,0,0,[]
prod-A,JPN,2025,34,0,0,[]
prod-A,JPN,2025,35,0,0,[]
prod-A,JPN,2025,36,0,0,[]
prod-A,JPN,2025,37,0,0,[]
prod-A,JPN,2025,38,0,0,[]
prod-A,JPN,2025,39,0,0,[]
prod-A,JPN,2025,40,0,0,[]
prod-A,JPN,2025,41,0,0,[]
prod-A,JPN,2025,42,0,0,[]
prod-A,JPN,2025,43,0,0,[]
prod-A,JPN,2025,44,0,0,[]
prod-A,JPN,2025,45,0,0,[]
prod-A,JPN,2025,46,0,0,[]
prod-A,JPN,2025,47,0,0,[]
prod-A,JPN,2025,48,0,0,[]
prod-A,JPN,2025,49,0,0,[]
prod-A,JPN,2025,50,0,0,[]
prod-A,JPN,2025,51,0,0,[]
prod-A,JPN,2025,52,0,0,[]
prod-A,JPN,2026,01,0,0,[]
prod-A,JPN,2026,02,0,0,[]
prod-A,JPN,2026,03,0,0,[]
prod-A,JPN,2026,04,0,0,[]
prod-A,JPN,2026,05,0,0,[]
prod-A,JPN,2026,06,0,0,[]
prod-A,JPN,2026,07,0,0,[]
prod-A,JPN,2026,08,0,0,[]
prod-A,JPN,2026,09,0,0,[]
prod-A,JPN,2026,10,0,0,[]
prod-A,JPN,2026,11,0,0,[]
prod-A,JPN,2026,12,0,0,[]
prod-A,JPN,2026,13,0,0,[]
prod-A,JPN,2026,14,0,0,[]
prod-A,JPN,2026,15,0,0,[]
prod-A,JPN,2026,16,0,0,[]
prod-A,JPN,2026,17,0,0,[]
prod-A,JPN,2026,18,0,0,[]
prod-A,JPN,2026,19,0,0,[]
prod-A,JPN,2026,20,0,0,[]
prod-A,JPN,2026,21,0,0,[]
prod-A,JPN,2026,22,0,0,[]
prod-A,JPN,2026,23,0,0,[]
prod-A,JPN,2026,24,0,0,[]
prod-A,JPN,2026,25,0,0,[]
prod-A,JPN,2026,26,0,0,[]
prod-A,JPN,2026,27,0,0,[]
prod-A,JPN,2026,28,0,0,[]
prod-A,JPN,2026,29,0,0,[]
prod-A,JPN,2026,30,0,0,[]
prod-A,JPN,2026,31,0,0,[]
prod-A,JPN,2026,32,0,0,[]
prod-A,JPN,2026,33,0,0,[]
prod-A,JPN,2026,34,0,0,[]
prod-A,JPN,2026,35,0,0,[]
prod-A,JPN,2026,36,0,0,[]
prod-A,JPN,2026,37,0,0,[]
prod-A,JPN,2026,38,0,0,[]
prod-A,JPN,2026,39,0,0,[]
prod-A,JPN,2026,40,0,0,[]
prod-A,JPN,2026,41,0,0,[]
prod-A,JPN,2026,42,0,0,[]
prod-A,JPN,2026,43,0,0,[]
prod-A,JPN,2026,44,0,0,[]
prod-A,JPN,2026,45,0,0,[]
prod-A,JPN,2026,46,0,0,[]
prod-A,JPN,2026,47,0,0,[]
prod-A,JPN,2026,48,0,0,[]
prod-A,JPN,2026,49,0,0,[]
prod-A,JPN,2026,50,0,0,[]
prod-A,JPN,2026,51,0,0,[]
prod-A,JPN,2026,52,0,0,[]
prod-A,JPN,2026,53,0,0,[]
prod-A,LAX,2025,01,0,0,[]
prod-A,LAX,2025,02,0,0,[]
prod-A,LAX,2025,03,0,0,[]
prod-A,LAX,2025,04,0,0,[]
prod-A,LAX,2025,05,0,0,[]
prod-A,LAX,2025,06,0,0,[]
prod-A,LAX,2025,07,0,0,[]
prod-A,LAX,2025,08,0,0,[]
prod-A,LAX,2025,09,0,0,[]
prod-A,LAX,2025,10,0,0,[]
prod-A,LAX,2025,11,0,0,[]
prod-A,LAX,2025,12,0,0,[]
prod-A,LAX,2025,13,0,0,[]
prod-A,LAX,2025,14,0,0,[]
prod-A,LAX,2025,15,0,0,[]
prod-A,LAX,2025,16,0,0,[]
prod-A,LAX,2025,17,0,0,[]
prod-A,LAX,2025,18,0,0,[]
prod-A,LAX,2025,19,0,0,[]
prod-A,LAX,2025,20,0,0,[]
prod-A,LAX,2025,21,0,0,[]
prod-A,LAX,2025,22,0,0,[]
prod-A,LAX,2025,23,0,0,[]
prod-A,LAX,2025,24,0,0,[]
prod-A,LAX,2025,25,0,0,[]
prod-A,LAX,2025,26,0,0,[]
prod-A,LAX,2025,27,0,0,[]
prod-A,LAX,2025,28,0,0,[]
prod-A,LAX,2025,29,0,0,[]
prod-A,LAX,2025,30,0,0,[]
prod-A,LAX,2025,31,0,0,[]
prod-A,LAX,2025,32,0,0,[]
prod-A,LAX,2025,33,0,0,[]
prod-A,LAX,2025,34,0,0,[]
prod-A,LAX,2025,35,0,0,[]
prod-A,LAX,2025,36,0,0,[]
prod-A,LAX,2025,37,0,0,[]
prod-A,LAX,2025,38,0,0,[]
prod-A,LAX,2025,39,0,0,[]
prod-A,LAX,2025,40,0,0,[]
prod-A,LAX,2025,41,0,0,[]
prod-A,LAX,2025,42,0,0,[]
prod-A,LAX,2025,43,0,0,[]
prod-A,LAX,2025,44,0,0,[]
prod-A,LAX,2025,45,0,0,[]
prod-A,LAX,2025,46,0,0,[]
prod-A,LAX,2025,47,0,0,[]
prod-A,LAX,2025,48,0,0,[]
prod-A,LAX,2025,49,0,0,[]
prod-A,LAX,2025,50,0,0,[]
prod-A,LAX,2025,51,0,0,[]
prod-A,LAX,2025,52,0,0,[]
prod-A,LAX,2026,01,0,0,[]
prod-A,LAX_D,2025,01,0,0,[]
prod-A,LAX_D,2025,02,0,0,[]
prod-A,LAX_D,2025,03,0,0,[]
prod-A,LAX_D,2025,04,0,0,[]
prod-A,LAX_D,2025,05,0,0,[]
prod-A,LAX_D,2025,06,0,0,[]
prod-A,LAX_D,2025,07,0,0,[]
prod-A,LAX_D,2025,08,0,0,[]
prod-A,LAX_D,2025,09,0,0,[]
prod-A,LAX_D,2025,10,0,0,[]
prod-A,LAX_D,2025,11,0,0,[]
prod-A,LAX_D,2025,12,0,0,[]
prod-A,LAX_D,2025,13,0,0,[]
prod-A,LAX_D,2025,14,0,0,[]
prod-A,LAX_D,2025,15,0,0,[]
prod-A,LAX_D,2025,16,0,0,[]
prod-A,LAX_D,2025,17,0,0,[]
prod-A,LAX_D,2025,18,0,0,[]
prod-A,LAX_D,2025,19,0,0,[]
prod-A,LAX_D,2025,20,0,0,[]
prod-A,LAX_D,2025,21,0,0,[]
prod-A,LAX_D,2025,22,0,0,[]
prod-A,LAX_D,2025,23,0,0,[]
prod-A,LAX_D,2025,24,0,0,[]
prod-A,LAX_D,2025,25,0,0,[]
prod-A,LAX_D,2025,26,0,0,[]
prod-A,LAX_D,2025,27,0,0,[]
prod-A,LAX_D,2025,28,0,0,[]
prod-A,LAX_D,2025,29,0,0,[]
prod-A,LAX_D,2025,30,0,0,[]
prod-A,LAX_D,2025,31,0,0,[]
prod-A,LAX_D,2025,32,0,0,[]
prod-A,LAX_D,2025,33,0,0,[]
prod-A,LAX_D,2025,34,0,0,[]
prod-A,LAX_D,2025,35,0,0,[]
prod-A,LAX_D,2025,36,0,0,[]
prod-A,LAX_D,2025,37,0,0,[]
prod-A,LAX_D,2025,38,0,0,[]
prod-A,LAX_D,2025,39,0,0,[]
prod-A,LAX_D,2025,40,0,0,[]
prod-A,LAX_D,2025,41,0,0,[]
prod-A,LAX_D,2025,42,0,0,[]
prod-A,LAX_D,2025,43,0,0,[]
prod-A,LAX_D,2025,44,0,0,[]
prod-A,LAX_D,2025,45,0,0,[]
prod-A,LAX_D,2025,46,0,0,[]
prod-A,LAX_D,2025,47,0,0,[]
prod-A,LAX_D,2025,48,0,0,[]
prod-A,LAX_D,2025,49,0,0,[]
prod-A,LAX_D,2025,50,0,0,[]
prod-A,LAX_D,2025,51,0,0,[]
prod-A,LAX_D,2025,52,0,0,[]
prod-A,LAX_D,2026,01,0,0,[]
prod-A,LAX_D,2026,02,0,0,[]
prod-A,LAX_D,2026,03,0,0,[]
prod-A,LAX_D,2026,04,0,0,[]
prod-A,LAX_D,2026,05,0,0,[]
prod-A,LAX_D,2026,06,0,0,[]
prod-A,LAX_D,2026,07,0,0,[]
prod-A,LAX_D,2026,08,0,0,[]
prod-A,LAX_D,2026,09,0,0,[]
prod-A,LAX_D,2026,10,0,0,[]
prod-A,LAX_D,2026,11,0,0,[]
prod-A,LAX_D,2026,12,0,0,[]
prod-A,LAX_D,2026,13,0,0,[]
prod-A,LAX_D,2026,14,0,0,[]
prod-A,LAX_D,2026,15,0,0,[]
prod-A,LAX_D,2026,16,0,0,[]
prod-A,LAX_D,2026,17,0,0,[]
prod-A,LAX_D,2026,18,0,0,[]
prod-A,LAX_D,2026,19,0,0,[]
prod-A,LAX_D,2026,20,0,0,[]
prod-A,LAX_D,2026,21,0,0,[]
prod-A,LAX_D,2026,22,0,0,[]
prod-A,LAX_D,2026,23,0,0,[]
prod-A,LAX_D,2026,24,0,0,[]
prod-A,LAX_D,2026,25,0,0,[]
prod-A,LAX_D,2026,26,0,0,[]
prod-A,LAX_D,2026,27,0,0,[]
prod-A,LAX_D,2026,28,0,0,[]
prod-A,LAX_D,2026,29,0,0,[]
prod-A,LAX_D,2026,30,0,0,[]
prod-A,LAX_D,2026,31,0,0,[]
prod-A,LAX_D,2026,32,0,0,[]
prod-A,LAX_D,2026,33,0,0,[]
prod-A,LAX_D,2026,34,0,0,[]
prod-A,LAX_D,2026,35,0,0,[]
prod-A,LAX_D,2026,36,0,0,[]
prod-A,LAX_D,2026,37,0,0,[]
prod-A,LAX_D,2026,38,0,0,[]
prod-A,LAX_D,2026,39,0,0,[]
prod-A,LAX_D,2026,40,0,0,[]
prod-A,LAX_D,2026,41,0,0,[]
prod-A,LAX_D,2026,42,0,0,[]
prod-A,LAX_D,2026,43,0,0,[]
prod-A,LAX_D,2026,44,0,0,[]
prod-A,LAX_D,2026,45,0,0,[]
prod-A,LAX_D,2026,46,0,0,[]
prod-A,LAX_D,2026,47,0,0,[]
prod-A,LAX_D,2026,48,0,0,[]
prod-A,LAX_D,2026,49,0,0,[]
prod-A,LAX_D,2026,50,0,0,[]
prod-A,LAX_D,2026,51,0,0,[]
prod-A,LAX_D,2026,52,0,0,[]
prod-A,LAX_D,2026,53,0,0,[]
prod-A,LAX_I,2025,01,0,0,[]
prod-A,LAX_I,2025,02,0,0,[]
prod-A,LAX_I,2025,03,0,0,[]
prod-A,LAX_I,2025,04,0,0,[]
prod-A,LAX_I,2025,05,0,0,[]
prod-A,LAX_I,2025,06,0,0,[]
prod-A,LAX_I,2025,07,0,0,[]
prod-A,LAX_I,2025,08,0,0,[]
prod-A,LAX_I,2025,09,0,0,[]
prod-A,LAX_I,2025,10,0,0,[]
prod-A,LAX_I,2025,11,0,0,[]
prod-A,LAX_I,2025,12,0,0,[]
prod-A,LAX_I,2025,13,0,0,[]
prod-A,LAX_I,2025,14,0,0,[]
prod-A,LAX_I,2025,15,0,0,[]
prod-A,LAX_I,2025,16,0,0,[]
prod-A,LAX_I,2025,17,0,0,[]
prod-A,LAX_I,2025,18,0,0,[]
prod-A,LAX_I,2025,19,0,0,[]
prod-A,LAX_I,2025,20,0,0,[]
prod-A,LAX_I,2025,21,0,0,[]
prod-A,LAX_I,2025,22,0,0,[]
prod-A,LAX_I,2025,23,0,0,[]
prod-A,LAX_I,2025,24,0,0,[]
prod-A,LAX_I,2025,25,0,0,[]
prod-A,LAX_I,2025,26,0,0,[]
prod-A,LAX_I,2025,27,0,0,[]
prod-A,LAX_I,2025,28,0,0,[]
prod-A,LAX_I,2025,29,0,0,[]
prod-A,LAX_I,2025,30,0,0,[]
prod-A,LAX_I,2025,31,0,0,[]
prod-A,LAX_I,2025,32,0,0,[]
prod-A,LAX_I,2025,33,0,0,[]
prod-A,LAX_I,2025,34,0,0,[]
prod-A,LAX_I,2025,35,0,0,[]
prod-A,LAX_I,2025,36,0,0,[]
prod-A,LAX_I,2025,37,0,0,[]
prod-A,LAX_I,2025,38,0,0,[]
prod-A,LAX_I,2025,39,0,0,[]
prod-A,LAX_I,2025,40,0,0,[]
prod-A,LAX_I,2025,41,0,0,[]
prod-A,LAX_I,2025,42,0,0,[]
prod-A,LAX_I,2025,43,0,0,[]
prod-A,LAX_I,2025,44,0,0,[]
prod-A,LAX_I,2025,45,0,0,[]
prod-A,LAX_I,2025,46,0,0,[]
prod-A,LAX_I,2025,47,0,0,[]
prod-A,LAX_I,2025,48,0,0,[]
prod-A,LAX_I,2025,49,0,0,[]
prod-A,LAX_I,2025,50,0,0,[]
prod-A,LAX_I,2025,51,0,0,[]
prod-A,LAX_I,2025,52,0,0,[]
prod-A,LAX_I,2026,01,0,0,[]
prod-A,LAX_I,2026,02,0,0,[]
prod-A,LAX_I,2026,03,0,0,[]
prod-A,LAX_I,2026,04,0,0,[]
prod-A,LAX_I,2026,05,0,0,[]
prod-A,LAX_I,2026,06,0,0,[]
prod-A,LAX_I,2026,07,0,0,[]
prod-A,LAX_I,2026,08,0,0,[]
prod-A,LAX_I,2026,09,0,0,[]
prod-A,LAX_I,2026,10,0,0,[]
prod-A,LAX_I,2026,11,0,0,[]
prod-A,LAX_I,2026,12,0,0,[]
prod-A,LAX_I,2026,13,0,0,[]
prod-A,LAX_I,2026,14,0,0,[]
prod-A,LAX_I,2026,15,0,0,[]
prod-A,LAX_I,2026,16,0,0,[]
prod-A,LAX_I,2026,17,0,0,[]
prod-A,LAX_I,2026,18,0,0,[]
prod-A,LAX_I,2026,19,0,0,[]
prod-A,LAX_I,2026,20,0,0,[]
prod-A,LAX_I,2026,21,0,0,[]
prod-A,LAX_I,2026,22,0,0,[]
prod-A,LAX_I,2026,23,0,0,[]
prod-A,LAX_I,2026,24,0,0,[]
prod-A,LAX_I,2026,25,0,0,[]
prod-A,LAX_I,2026,26,0,0,[]
prod-A,LAX_I,2026,27,0,0,[]
prod-A,LAX_I,2026,28,0,0,[]
prod-A,LAX_I,2026,29,0,0,[]
prod-A,LAX_I,2026,30,0,0,[]
prod-A,LAX_I,2026,31,0,0,[]
prod-A,LAX_I,2026,32,0,0,[]
prod-A,LAX_I,2026,33,0,0,[]
prod-A,LAX_I,2026,34,0,0,[]
prod-A,LAX_I,2026,35,0,0,[]
prod-A,LAX_I,2026,36,0,0,[]
prod-A,LAX_I,2026,37,0,0,[]
prod-A,LAX_I,2026,38,0,0,[]
prod-A,LAX_I,2026,39,0,0,[]
prod-A,LAX_I,2026,40,0,0,[]
prod-A,LAX_I,2026,41,0,0,[]
prod-A,LAX_I,2026,42,0,0,[]
prod-A,LAX_I,2026,43,0,0,[]
prod-A,LAX_I,2026,44,0,0,[]
prod-A,LAX_I,2026,45,0,0,[]
prod-A,LAX_I,2026,46,0,0,[]
prod-A,LAX_I,2026,47,0,0,[]
prod-A,LAX_I,2026,48,0,0,[]
prod-A,LAX_I,2026,49,0,0,[]
prod-A,LAX_I,2026,50,0,0,[]
prod-A,LAX_I,2026,51,0,0,[]
prod-A,LAX_I,2026,52,0,0,[]
prod-A,LAX_I,2026,53,0,0,[]
prod-A,LAX_N,2025,01,0,0,[]
prod-A,LAX_N,2025,02,0,0,[]
prod-A,LAX_N,2025,03,0,0,[]
prod-A,LAX_N,2025,04,0,0,[]
prod-A,LAX_N,2025,05,0,0,[]
prod-A,LAX_N,2025,06,0,0,[]
prod-A,LAX_N,2025,07,0,0,[]
prod-A,LAX_N,2025,08,0,0,[]
prod-A,LAX_N,2025,09,0,0,[]
prod-A,LAX_N,2025,10,0,0,[]
prod-A,LAX_N,2025,11,0,0,[]
prod-A,LAX_N,2025,12,0,0,[]
prod-A,LAX_N,2025,13,0,0,[]
prod-A,LAX_N,2025,14,0,0,[]
prod-A,LAX_N,2025,15,0,0,[]
prod-A,LAX_N,2025,16,0,0,[]
prod-A,LAX_N,2025,17,0,0,[]
prod-A,LAX_N,2025,18,0,0,[]
prod-A,LAX_N,2025,19,0,0,[]
prod-A,LAX_N,2025,20,0,0,[]
prod-A,LAX_N,2025,21,0,0,[]
prod-A,LAX_N,2025,22,0,0,[]
prod-A,LAX_N,2025,23,0,0,[]
prod-A,LAX_N,2025,24,0,0,[]
prod-A,LAX_N,2025,25,0,0,[]
prod-A,LAX_N,2025,26,0,0,[]
prod-A,LAX_N,2025,27,0,0,[]
prod-A,LAX_N,2025,28,0,0,[]
prod-A,LAX_N,2025,29,0,0,[]
prod-A,LAX_N,2025,30,0,0,[]
prod-A,LAX_N,2025,31,0,0,[]
prod-A,LAX_N,2025,32,0,0,[]
prod-A,LAX_N,2025,33,0,0,[]
prod-A,LAX_N,2025,34,0,0,[]
prod-A,LAX_N,2025,35,0,0,[]
prod-A,LAX_N,2025,36,0,0,[]
prod-A,LAX_N,2025,37,0,0,[]
prod-A,LAX_N,2025,38,0,0,[]
prod-A,LAX_N,2025,39,0,0,[]
prod-A,LAX_N,2025,40,0,0,[]
prod-A,LAX_N,2025,41,0,0,[]
prod-A,LAX_N,2025,42,0,0,[]
prod-A,LAX_N,2025,43,0,0,[]
prod-A,LAX_N,2025,44,0,0,[]
prod-A,LAX_N,2025,45,0,0,[]
prod-A,LAX_N,2025,46,0,0,[]
prod-A,LAX_N,2025,47,0,0,[]
prod-A,LAX_N,2025,48,0,0,[]
prod-A,LAX_N,2025,49,0,0,[]
prod-A,LAX_N,2025,50,0,0,[]
prod-A,LAX_N,2025,51,0,0,[]
prod-A,LAX_N,2025,52,0,0,[]
prod-A,LAX_N,2026,01,0,0,[]
prod-A,LAX_N,2026,02,0,0,[]
prod-A,LAX_N,2026,03,0,0,[]
prod-A,LAX_N,2026,04,0,0,[]
prod-A,LAX_N,2026,05,0,0,[]
prod-A,LAX_N,2026,06,0,0,[]
prod-A,LAX_N,2026,07,0,0,[]
prod-A,LAX_N,2026,08,0,0,[]
prod-A,LAX_N,2026,09,0,0,[]
prod-A,LAX_N,2026,10,0,0,[]
prod-A,LAX_N,2026,11,0,0,[]
prod-A,LAX_N,2026,12,0,0,[]
prod-A,LAX_N,2026,13,0,0,[]
prod-A,LAX_N,2026,14,0,0,[]
prod-A,LAX_N,2026,15,0,0,[]
prod-A,LAX_N,2026,16,0,0,[]
prod-A,LAX_N,2026,17,0,0,[]
prod-A,LAX_N,2026,18,0,0,[]
prod-A,LAX_N,2026,19,0,0,[]
prod-A,LAX_N,2026,20,0,0,[]
prod-A,LAX_N,2026,21,0,0,[]
prod-A,LAX_N,2026,22,0,0,[]
prod-A,LAX_N,2026,23,0,0,[]
prod-A,LAX_N,2026,24,0,0,[]
prod-A,LAX_N,2026,25,0,0,[]
prod-A,LAX_N,2026,26,0,0,[]
prod-A,LAX_N,2026,27,0,0,[]
prod-A,LAX_N,2026,28,0,0,[]
prod-A,LAX_N,2026,29,0,0,[]
prod-A,LAX_N,2026,30,0,0,[]
prod-A,LAX_N,2026,31,0,0,[]
prod-A,LAX_N,2026,32,0,0,[]
prod-A,LAX_N,2026,33,0,0,[]
prod-A,LAX_N,2026,34,0,0,[]
prod-A,LAX_N,2026,35,0,0,[]
prod-A,LAX_N,2026,36,0,0,[]
prod-A,LAX_N,2026,37,0,0,[]
prod-A,LAX_N,2026,38,0,0,[]
prod-A,LAX_N,2026,39,0,0,[]
prod-A,LAX_N,2026,40,0,0,[]
prod-A,LAX_N,2026,41,0,0,[]
prod-A,LAX_N,2026,42,0,0,[]
prod-A,LAX_N,2026,43,0,0,[]
prod-A,LAX_N,2026,44,0,0,[]
prod-A,LAX_N,2026,45,0,0,[]
prod-A,LAX_N,2026,46,0,0,[]
prod-A,LAX_N,2026,47,0,0,[]
prod-A,LAX_N,2026,48,0,0,[]
prod-A,LAX_N,2026,49,0,0,[]
prod-A,LAX_N,2026,50,0,0,[]
prod-A,LAX_N,2026,51,0,0,[]
prod-A,LAX_N,2026,52,0,0,[]
prod-A,LAX_N,2026,53,0,0,[]
prod-A,MUC,2025,01,0,0,[]
prod-A,MUC,2025,02,0,0,[]
prod-A,MUC,2025,03,0,0,[]
prod-A,MUC,2025,04,0,0,[]
prod-A,MUC,2025,05,0,0,[]
prod-A,MUC,2025,06,0,0,[]
prod-A,MUC,2025,07,0,0,[]
prod-A,MUC,2025,08,0,0,[]
prod-A,MUC,2025,09,0,0,[]
prod-A,MUC,2025,10,0,0,[]
prod-A,MUC,2025,11,0,0,[]
prod-A,MUC,2025,12,0,0,[]
prod-A,MUC,2025,13,0,0,[]
prod-A,MUC,2025,14,0,0,[]
prod-A,MUC,2025,15,0,0,[]
prod-A,MUC,2025,16,0,0,[]
prod-A,MUC,2025,17,0,0,[]
prod-A,MUC,2025,18,0,0,[]
prod-A,MUC,2025,19,0,0,[]
prod-A,MUC,2025,20,0,0,[]
prod-A,MUC,2025,21,0,0,[]
prod-A,MUC,2025,22,0,0,[]
prod-A,MUC,2025,23,0,0,[]
prod-A,MUC,2025,24,0,0,[]
prod-A,MUC,2025,25,0,0,[]
prod-A,MUC,2025,26,0,0,[]
prod-A,MUC,2025,27,0,0,[]
prod-A,MUC,2025,28,0,0,[]
prod-A,MUC,2025,29,0,0,[]
prod-A,MUC,2025,30,0,0,[]
prod-A,MUC,2025,31,0,0,[]
prod-A,MUC,2025,32,0,0,[]
prod-A,MUC,2025,33,0,0,[]
prod-A,MUC,2025,34,0,0,[]
prod-A,MUC,2025,35,0,0,[]
prod-A,MUC,2025,36,0,0,[]
prod-A,MUC,2025,37,0,0,[]
prod-A,MUC,2025,38,0,0,[]
prod-A,MUC,2025,39,0,0,[]
prod-A,MUC,2025,40,0,0,[]
prod-A,MUC,2025,41,0,0,[]
prod-A,MUC,2025,42,0,0,[]
prod-A,MUC,2025,43,0,0,[]
prod-A,MUC,2025,44,0,0,[]
prod-A,MUC,2025,45,0,0,[]
prod-A,MUC,2025,46,0,0,[]
prod-A,MUC,2025,47,0,0,[]
prod-A,MUC,2025,48,0,0,[]
prod-A,MUC,2025,49,0,0,[]
prod-A,MUC,2025,50,0,0,[]
prod-A,MUC,2025,51,0,0,[]
prod-A,MUC,2025,52,0,0,[]
prod-A,MUC,2026,01,0,0,[]
prod-A,MUC,2026,02,0,0,[]
prod-A,MUC,2026,03,0,0,[]
prod-A,MUC,2026,04,0,0,[]
prod-A,MUC,2026,05,0,0,[]
prod-A,MUC,2026,06,0,0,[]
prod-A,MUC,2026,07,0,0,[]
prod-A,MUC,2026,08,0,0,[]
prod-A,MUC,2026,09,0,0,[]
prod-A,MUC,2026,10,0,0,[]
prod-A,MUC,2026,11,0,0,[]
prod-A,MUC,2026,12,0,0,[]
prod-A,MUC,2026,13,0,0,[]
prod-A,MUC,2026,14,0,0,[]
prod-A,MUC,2026,15,0,0,[]
prod-A,MUC,2026,16,0,0,[]
prod-A,MUC,2026,17,0,0,[]
prod-A,MUC,2026,18,0,0,[]
prod-A,MUC,2026,19,0,0,[]
prod-A,MUC,2026,20,0,0,[]
prod-A,MUC,2026,21,0,0,[]
prod-A,MUC,2026,22,0,0,[]
prod-A,MUC,2026,23,0,0,[]
prod-A,MUC,2026,24,0,0,[]
prod-A,MUC,2026,25,0,0,[]
prod-A,MUC,2026,26,0,0,[]
prod-A,MUC,2026,27,0,0,[]
prod-A,MUC,2026,28,0,0,[]
prod-A,MUC,2026,29,0,0,[]
prod-A,MUC,2026,30,0,0,[]
prod-A,MUC,2026,31,0,0,[]
prod-A,MUC,2026,32,0,0,[]
prod-A,MUC,2026,33,0,0,[]
prod-A,MUC,2026,34,0,0,[]
prod-A,MUC,2026,35,0,0,[]
prod-A,MUC,2026,36,0,0,[]
prod-A,MUC,2026,37,0,0,[]
prod-A,MUC,2026,38,0,0,[]
prod-A,MUC,2026,39,0,0,[]
prod-A,MUC,2026,40,0,0,[]
prod-A,MUC,2026,41,0,0,[]
prod-A,MUC,2026,42,0,0,[]
prod-A,MUC,2026,43,0,0,[]
prod-A,MUC,2026,44,0,0,[]
prod-A,MUC,2026,45,0,0,[]
prod-A,MUC,2026,46,0,0,[]
prod-A,MUC,2026,47,0,0,[]
prod-A,MUC,2026,48,0,0,[]
prod-A,MUC,2026,49,0,0,[]
prod-A,MUC,2026,50,0,0,[]
prod-A,MUC,2026,51,0,0,[]
prod-A,MUC,2026,52,0,0,[]
prod-A,MUC,2026,53,0,0,[]
prod-A,MUC_D,2025,01,0,0,[]
prod-A,MUC_D,2025,02,0,0,[]
prod-A,MUC_D,2025,03,0,0,[]
prod-A,MUC_D,2025,04,0,0,[]
prod-A,MUC_D,2025,05,0,0,[]
prod-A,MUC_D,2025,06,0,0,[]
prod-A,MUC_D,2025,07,0,0,[]
prod-A,MUC_D,2025,08,0,0,[]
prod-A,MUC_D,2025,09,0,0,[]
prod-A,MUC_D,2025,10,0,0,[]
prod-A,MUC_D,2025,11,0,0,[]
prod-A,MUC_D,2025,12,0,0,[]
prod-A,MUC_D,2025,13,0,0,[]
prod-A,MUC_D,2025,14,0,0,[]
prod-A,MUC_D,2025,15,0,0,[]
prod-A,MUC_D,2025,16,0,0,[]
prod-A,MUC_D,2025,17,0,0,[]
prod-A,MUC_D,2025,18,0,0,[]
prod-A,MUC_D,2025,19,0,0,[]
prod-A,MUC_D,2025,20,0,0,[]
prod-A,MUC_D,2025,21,0,0,[]
prod-A,MUC_D,2025,22,0,0,[]
prod-A,MUC_D,2025,23,0,0,[]
prod-A,MUC_D,2025,24,0,0,[]
prod-A,MUC_D,2025,25,0,0,[]
prod-A,MUC_D,2025,26,0,0,[]
prod-A,MUC_D,2025,27,0,0,[]
prod-A,MUC_D,2025,28,0,0,[]
prod-A,MUC_D,2025,29,0,0,[]
prod-A,MUC_D,2025,30,0,0,[]
prod-A,MUC_D,2025,31,0,0,[]
prod-A,MUC_D,2025,32,0,0,[]
prod-A,MUC_D,2025,33,0,0,[]
prod-A,MUC_D,2025,34,0,0,[]
prod-A,MUC_D,2025,35,0,0,[]
prod-A,MUC_D,2025,36,0,0,[]
prod-A,MUC_D,2025,37,0,0,[]
prod-A,MUC_D,2025,38,0,0,[]
prod-A,MUC_D,2025,39,0,0,[]
prod-A,MUC_D,2025,40,0,0,[]
prod-A,MUC_D,2025,41,0,0,[]
prod-A,MUC_D,2025,42,0,0,[]
prod-A,MUC_D,2025,43,0,0,[]
prod-A,MUC_D,2025,44,0,0,[]
prod-A,MUC_D,2025,45,0,0,[]
prod-A,MUC_D,2025,46,0,0,[]
prod-A,MUC_D,2025,47,0,0,[]
prod-A,MUC_D,2025,48,0,0,[]
prod-A,MUC_D,2025,49,0,0,[]
prod-A,MUC_D,2025,50,0,0,[]
prod-A,MUC_D,2025,51,0,0,[]
prod-A,MUC_D,2025,52,0,0,[]
prod-A,MUC_D,2026,01,0,0,[]
prod-A,MUC_D,2026,02,0,0,[]
prod-A,MUC_D,2026,03,0,0,[]
prod-A,MUC_D,2026,04,0,0,[]
prod-A,MUC_D,2026,05,0,0,[]
prod-A,MUC_D,2026,06,0,0,[]
prod-A,MUC_D,2026,07,0,0,[]
prod-A,MUC_D,2026,08,0,0,[]
prod-A,MUC_D,2026,09,0,0,[]
prod-A,MUC_D,2026,10,0,0,[]
prod-A,MUC_D,2026,11,0,0,[]
prod-A,MUC_D,2026,12,0,0,[]
prod-A,MUC_D,2026,13,0,0,[]
prod-A,MUC_D,2026,14,0,0,[]
prod-A,MUC_D,2026,15,0,0,[]
prod-A,MUC_D,2026,16,0,0,[]
prod-A,MUC_D,2026,17,0,0,[]
prod-A,MUC_D,2026,18,0,0,[]
prod-A,MUC_D,2026,19,0,0,[]
prod-A,MUC_D,2026,20,0,0,[]
prod-A,MUC_D,2026,21,0,0,[]
prod-A,MUC_D,2026,22,0,0,[]
prod-A,MUC_D,2026,23,0,0,[]
prod-A,MUC_D,2026,24,0,0,[]
prod-A,MUC_D,2026,25,0,0,[]
prod-A,MUC_D,2026,26,0,0,[]
prod-A,MUC_D,2026,27,0,0,[]
prod-A,MUC_D,2026,28,0,0,[]
prod-A,MUC_D,2026,29,0,0,[]
prod-A,MUC_D,2026,30,0,0,[]
prod-A,MUC_D,2026,31,0,0,[]
prod-A,MUC_D,2026,32,0,0,[]
prod-A,MUC_D,2026,33,0,0,[]
prod-A,MUC_D,2026,34,0,0,[]
prod-A,MUC_D,2026,35,0,0,[]
prod-A,MUC_D,2026,36,0,0,[]
prod-A,MUC_D,2026,37,0,0,[]
prod-A,MUC_D,2026,38,0,0,[]
prod-A,MUC_D,2026,39,0,0,[]
prod-A,MUC_D,2026,40,0,0,[]
prod-A,MUC_D,2026,41,0,0,[]
prod-A,MUC_D,2026,42,0,0,[]
prod-A,MUC_D,2026,43,0,0,[]
prod-A,MUC_D,2026,44,0,0,[]
prod-A,MUC_D,2026,45,0,0,[]
prod-A,MUC_D,2026,46,0,0,[]
prod-A,MUC_D,2026,47,0,0,[]
prod-A,MUC_D,2026,48,0,0,[]
prod-A,MUC_D,2026,49,0,0,[]
prod-A,MUC_D,2026,50,0,0,[]
prod-A,MUC_D,2026,51,0,0,[]
prod-A,MUC_D,2026,52,0,0,[]
prod-A,MUC_D,2026,53,0,0,[]
prod-A,MUC_I,2025,01,0,0,[]
prod-A,MUC_I,2025,02,0,0,[]
prod-A,MUC_I,2025,03,0,0,[]
prod-A,MUC_I,2025,04,0,0,[]
prod-A,MUC_I,2025,05,0,0,[]
prod-A,MUC_I,2025,06,0,0,[]
prod-A,MUC_I,2025,07,0,0,[]
prod-A,MUC_I,2025,08,0,0,[]
prod-A,MUC_I,2025,09,0,0,[]
prod-A,MUC_I,2025,10,0,0,[]
prod-A,MUC_I,2025,11,0,0,[]
prod-A,MUC_I,2025,12,0,0,[]
prod-A,MUC_I,2025,13,0,0,[]
prod-A,MUC_I,2025,14,0,0,[]
prod-A,MUC_I,2025,15,0,0,[]
prod-A,MUC_I,2025,16,0,0,[]
prod-A,MUC_I,2025,17,0,0,[]
prod-A,MUC_I,2025,18,0,0,[]
prod-A,MUC_I,2025,19,0,0,[]
prod-A,MUC_I,2025,20,0,0,[]
prod-A,MUC_I,2025,21,0,0,[]
prod-A,MUC_I,2025,22,0,0,[]
prod-A,MUC_I,2025,23,0,0,[]
prod-A,MUC_I,2025,24,0,0,[]
prod-A,MUC_I,2025,25,0,0,[]
prod-A,MUC_I,2025,26,0,0,[]
prod-A,MUC_I,2025,27,0,0,[]
prod-A,MUC_I,2025,28,0,0,[]
prod-A,MUC_I,2025,29,0,0,[]
prod-A,MUC_I,2025,30,0,0,[]
prod-A,MUC_I,2025,31,0,0,[]
prod-A,MUC_I,2025,32,0,0,[]
prod-A,MUC_I,2025,33,0,0,[]
prod-A,MUC_I,2025,34,0,0,[]
prod-A,MUC_I,2025,35,0,0,[]
prod-A,MUC_I,2025,36,0,0,[]
prod-A,MUC_I,2025,37,0,0,[]
prod-A,MUC_I,2025,38,0,0,[]
prod-A,MUC_I,2025,39,0,0,[]
prod-A,MUC_I,2025,40,0,0,[]
prod-A,MUC_I,2025,41,0,0,[]
prod-A,MUC_I,2025,42,0,0,[]
prod-A,MUC_I,2025,43,0,0,[]
prod-A,MUC_I,2025,44,0,0,[]
prod-A,MUC_I,2025,45,0,0,[]
prod-A,MUC_I,2025,46,0,0,[]
prod-A,MUC_I,2025,47,0,0,[]
prod-A,MUC_I,2025,48,0,0,[]
prod-A,MUC_I,2025,49,0,0,[]
prod-A,MUC_I,2025,50,0,0,[]
prod-A,MUC_I,2025,51,0,0,[]
prod-A,MUC_I,2025,52,0,0,[]
prod-A,MUC_I,2026,01,0,0,[]
prod-A,MUC_I,2026,02,0,0,[]
prod-A,MUC_I,2026,03,0,0,[]
prod-A,MUC_I,2026,04,0,0,[]
prod-A,MUC_I,2026,05,0,0,[]
prod-A,MUC_I,2026,06,0,0,[]
prod-A,MUC_I,2026,07,0,0,[]
prod-A,MUC_I,2026,08,0,0,[]
prod-A,MUC_I,2026,09,0,0,[]
prod-A,MUC_I,2026,10,0,0,[]
prod-A,MUC_I,2026,11,0,0,[]
prod-A,MUC_I,2026,12,0,0,[]
prod-A,MUC_I,2026,13,0,0,[]
prod-A,MUC_I,2026,14,0,0,[]
prod-A,MUC_I,2026,15,0,0,[]
prod-A,MUC_I,2026,16,0,0,[]
prod-A,MUC_I,2026,17,0,0,[]
prod-A,MUC_I,2026,18,0,0,[]
prod-A,MUC_I,2026,19,0,0,[]
prod-A,MUC_I,2026,20,0,0,[]
prod-A,MUC_I,2026,21,0,0,[]
prod-A,MUC_I,2026,22,0,0,[]
prod-A,MUC_I,2026,23,0,0,[]
prod-A,MUC_I,2026,24,0,0,[]
prod-A,MUC_I,2026,25,0,0,[]
prod-A,MUC_I,2026,26,0,0,[]
prod-A,MUC_I,2026,27,0,0,[]
prod-A,MUC_I,2026,28,0,0,[]
prod-A,MUC_I,2026,29,0,0,[]
prod-A,MUC_I,2026,30,0,0,[]
prod-A,MUC_I,2026,31,0,0,[]
prod-A,MUC_I,2026,32,0,0,[]
prod-A,MUC_I,2026,33,0,0,[]
prod-A,MUC_I,2026,34,0,0,[]
prod-A,MUC_I,2026,35,0,0,[]
prod-A,MUC_I,2026,36,0,0,[]
prod-A,MUC_I,2026,37,0,0,[]
prod-A,MUC_I,2026,38,0,0,[]
prod-A,MUC_I,2026,39,0,0,[]
prod-A,MUC_I,2026,40,0,0,[]
prod-A,MUC_I,2026,41,0,0,[]
prod-A,MUC_I,2026,42,0,0,[]
prod-A,MUC_I,2026,43,0,0,[]
prod-A,MUC_I,2026,44,0,0,[]
prod-A,MUC_I,2026,45,0,0,[]
prod-A,MUC_I,2026,46,0,0,[]
prod-A,MUC_I,2026,47,0,0,[]
prod-A,MUC_I,2026,48,0,0,[]
prod-A,MUC_I,2026,49,0,0,[]
prod-A,MUC_I,2026,50,0,0,[]
prod-A,MUC_I,2026,51,0,0,[]
prod-A,MUC_I,2026,52,0,0,[]
prod-A,MUC_I,2026,53,0,0,[]
prod-A,MUC_N,2025,01,0,0,[]
prod-A,MUC_N,2025,02,0,0,[]
prod-A,MUC_N,2025,03,0,0,[]
prod-A,MUC_N,2025,04,0,0,[]
prod-A,MUC_N,2025,05,0,0,[]
prod-A,MUC_N,2025,06,0,0,[]
prod-A,MUC_N,2025,07,0,0,[]
prod-A,MUC_N,2025,08,0,0,[]
prod-A,MUC_N,2025,09,0,0,[]
prod-A,MUC_N,2025,10,0,0,[]
prod-A,MUC_N,2025,11,0,0,[]
prod-A,MUC_N,2025,12,0,0,[]
prod-A,MUC_N,2025,13,0,0,[]
prod-A,MUC_N,2025,14,0,0,[]
prod-A,MUC_N,2025,15,0,0,[]
prod-A,MUC_N,2025,16,0,0,[]
prod-A,MUC_N,2025,17,0,0,[]
prod-A,MUC_N,2025,18,0,0,[]
prod-A,MUC_N,2025,19,0,0,[]
prod-A,MUC_N,2025,20,0,0,[]
prod-A,MUC_N,2025,21,0,0,[]
prod-A,MUC_N,2025,22,0,0,[]
prod-A,MUC_N,2025,23,0,0,[]
prod-A,MUC_N,2025,24,0,0,[]
prod-A,MUC_N,2025,25,0,0,[]
prod-A,MUC_N,2025,26,0,0,[]
prod-A,MUC_N,2025,27,0,0,[]
prod-A,MUC_N,2025,28,0,0,[]
prod-A,MUC_N,2025,29,0,0,[]
prod-A,MUC_N,2025,30,0,0,[]
prod-A,MUC_N,2025,31,0,0,[]
prod-A,MUC_N,2025,32,0,0,[]
prod-A,MUC_N,2025,33,0,0,[]
prod-A,MUC_N,2025,34,0,0,[]
prod-A,MUC_N,2025,35,0,0,[]
prod-A,MUC_N,2025,36,0,0,[]
prod-A,MUC_N,2025,37,0,0,[]
prod-A,MUC_N,2025,38,0,0,[]
prod-A,MUC_N,2025,39,0,0,[]
prod-A,MUC_N,2025,40,0,0,[]
prod-A,MUC_N,2025,41,0,0,[]
prod-A,MUC_N,2025,42,0,0,[]
prod-A,MUC_N,2025,43,0,0,[]
prod-A,MUC_N,2025,44,0,0,[]
prod-A,MUC_N,2025,45,0,0,[]
prod-A,MUC_N,2025,46,0,0,[]
prod-A,MUC_N,2025,47,0,0,[]
prod-A,MUC_N,2025,48,0,0,[]
prod-A,MUC_N,2025,49,0,0,[]
prod-A,MUC_N,2025,50,0,0,[]
prod-A,MUC_N,2025,51,0,0,[]
prod-A,MUC_N,2025,52,0,0,[]
prod-A,MUC_N,2026,01,0,0,[]
prod-A,MUC_N,2026,02,0,0,[]
prod-A,MUC_N,2026,03,0,0,[]
prod-A,MUC_N,2026,04,0,0,[]
prod-A,MUC_N,2026,05,0,0,[]
prod-A,MUC_N,2026,06,0,0,[]
prod-A,MUC_N,2026,07,0,0,[]
prod-A,MUC_N,2026,08,0,0,[]
prod-A,MUC_N,2026,09,0,0,[]
prod-A,MUC_N,2026,10,0,0,[]
prod-A,MUC_N,2026,11,0,0,[]
prod-A,MUC_N,2026,12,0,0,[]
prod-A,MUC_N,2026,13,0,0,[]
prod-A,MUC_N,2026,14,0,0,[]
prod-A,MUC_N,2026,15,0,0,[]
prod-A,MUC_N,2026,16,0,0,[]
prod-A,MUC_N,2026,17,0,0,[]
prod-A,MUC_N,2026,18,0,0,[]
prod-A,MUC_N,2026,19,0,0,[]
prod-A,MUC_N,2026,20,0,0,[]
prod-A,MUC_N,2026,21,0,0,[]
prod-A,MUC_N,2026,22,0,0,[]
prod-A,MUC_N,2026,23,0,0,[]
prod-A,MUC_N,2026,24,0,0,[]
prod-A,MUC_N,2026,25,0,0,[]
prod-A,MUC_N,2026,26,0,0,[]
prod-A,MUC_N,2026,27,0,0,[]
prod-A,MUC_N,2026,28,0,0,[]
prod-A,MUC_N,2026,29,0,0,[]
prod-A,MUC_N,2026,30,0,0,[]
prod-A,MUC_N,2026,31,0,0,[]
prod-A,MUC_N,2026,32,0,0,[]
prod-A,MUC_N,2026,33,0,0,[]
prod-A,MUC_N,2026,34,0,0,[]
prod-A,MUC_N,2026,35,0,0,[]
prod-A,MUC_N,2026,36,0,0,[]
prod-A,MUC_N,2026,37,0,0,[]
prod-A,MUC_N,2026,38,0,0,[]
prod-A,MUC_N,2026,39,0,0,[]
prod-A,MUC_N,2026,40,0,0,[]
prod-A,MUC_N,2026,41,0,0,[]
prod-A,MUC_N,2026,42,0,0,[]
prod-A,MUC_N,2026,43,0,0,[]
prod-A,MUC_N,2026,44,0,0,[]
prod-A,MUC_N,2026,45,0,0,[]
prod-A,MUC_N,2026,46,0,0,[]
prod-A,MUC_N,2026,47,0,0,[]
prod-A,MUC_N,2026,48,0,0,[]
prod-A,MUC_N,2026,49,0,0,[]
prod-A,MUC_N,2026,50,0,0,[]
prod-A,MUC_N,2026,51,0,0,[]
prod-A,MUC_N,2026,52,0,0,[]
prod-A,MUC_N,2026,53,0,0,[]
prod-A,NYC,2025,01,0,0,[]
prod-A,NYC,2025,02,0,0,[]
prod-A,NYC,2025,03,0,0,[]
prod-A,NYC,2025,04,0,0,[]
prod-A,NYC,2025,05,0,0,[]
prod-A,NYC,2025,06,0,0,[]
prod-A,NYC,2025,07,0,0,[]
prod-A,NYC,2025,08,0,0,[]
prod-A,NYC,2025,09,0,0,[]
prod-A,NYC,2025,10,0,0,[]
prod-A,NYC,2025,11,0,0,[]
prod-A,NYC,2025,12,0,0,[]
prod-A,NYC,2025,13,0,0,[]
prod-A,NYC,2025,14,0,0,[]
prod-A,NYC,2025,15,0,0,[]
prod-A,NYC,2025,16,0,0,[]
prod-A,NYC,2025,17,0,0,[]
prod-A,NYC,2025,18,0,0,[]
prod-A,NYC,2025,19,0,0,[]
prod-A,NYC,2025,20,0,0,[]
prod-A,NYC,2025,21,0,0,[]
prod-A,NYC,2025,22,0,0,[]
prod-A,NYC,2025,23,0,0,[]
prod-A,NYC,2025,24,0,0,[]
prod-A,NYC,2025,25,0,0,[]
prod-A,NYC,2025,26,0,0,[]
prod-A,NYC,2025,27,0,0,[]
prod-A,NYC,2025,28,0,0,[]
prod-A,NYC,2025,29,0,0,[]
prod-A,NYC,2025,30,0,0,[]
prod-A,NYC,2025,31,0,0,[]
prod-A,NYC,2025,32,0,0,[]
prod-A,NYC,2025,33,0,0,[]
prod-A,NYC,2025,34,0,0,[]
prod-A,NYC,2025,35,0,0,[]
prod-A,NYC,2025,36,0,0,[]
prod-A,NYC,2025,37,0,0,[]
prod-A,NYC,2025,38,0,0,[]
prod-A,NYC,2025,39,0,0,[]
prod-A,NYC,2025,40,0,0,[]
prod-A,NYC,2025,41,0,0,[]
prod-A,NYC,2025,42,0,0,[]
prod-A,NYC,2025,43,0,0,[]
prod-A,NYC,2025,44,0,0,[]
prod-A,NYC,2025,45,0,0,[]
prod-A,NYC,2025,46,0,0,[]
prod-A,NYC,2025,47,0,0,[]
prod-A,NYC,2025,48,0,0,[]
prod-A,NYC,2025,49,0,0,[]
prod-A,NYC,2025,50,0,0,[]
prod-A,NYC,2025,51,0,0,[]
prod-A,NYC,2025,52,0,0,[]
prod-A,NYC,2026,01,0,0,[]
prod-A,NYC_D,2025,01,0,0,[]
prod-A,NYC_D,2025,02,0,0,[]
prod-A,NYC_D,2025,03,0,0,[]
prod-A,NYC_D,2025,04,0,0,[]
prod-A,NYC_D,2025,05,0,0,[]
prod-A,NYC_D,2025,06,0,0,[]
prod-A,NYC_D,2025,07,0,0,[]
prod-A,NYC_D,2025,08,0,0,[]
prod-A,NYC_D,2025,09,0,0,[]
prod-A,NYC_D,2025,10,0,0,[]
prod-A,NYC_D,2025,11,0,0,[]
prod-A,NYC_D,2025,12,0,0,[]
prod-A,NYC_D,2025,13,0,0,[]
prod-A,NYC_D,2025,14,0,0,[]
prod-A,NYC_D,2025,15,0,0,[]
prod-A,NYC_D,2025,16,0,0,[]
prod-A,NYC_D,2025,17,0,0,[]
prod-A,NYC_D,2025,18,0,0,[]
prod-A,NYC_D,2025,19,0,0,[]
prod-A,NYC_D,2025,20,0,0,[]
prod-A,NYC_D,2025,21,0,0,[]
prod-A,NYC_D,2025,22,0,0,[]
prod-A,NYC_D,2025,23,0,0,[]
prod-A,NYC_D,2025,24,0,0,[]
prod-A,NYC_D,2025,25,0,0,[]
prod-A,NYC_D,2025,26,0,0,[]
prod-A,NYC_D,2025,27,0,0,[]
prod-A,NYC_D,2025,28,0,0,[]
prod-A,NYC_D,2025,29,0,0,[]
prod-A,NYC_D,2025,30,0,0,[]
prod-A,NYC_D,2025,31,0,0,[]
prod-A,NYC_D,2025,32,0,0,[]
prod-A,NYC_D,2025,33,0,0,[]
prod-A,NYC_D,2025,34,0,0,[]
prod-A,NYC_D,2025,35,0,0,[]
prod-A,NYC_D,2025,36,0,0,[]
prod-A,NYC_D,2025,37,0,0,[]
prod-A,NYC_D,2025,38,0,0,[]
prod-A,NYC_D,2025,39,0,0,[]
prod-A,NYC_D,2025,40,0,0,[]
prod-A,NYC_D,2025,41,0,0,[]
prod-A,NYC_D,2025,42,0,0,[]
prod-A,NYC_D,2025,43,0,0,[]
prod-A,NYC_D,2025,44,0,0,[]
prod-A,NYC_D,2025,45,0,0,[]
prod-A,NYC_D,2025,46,0,0,[]
prod-A,NYC_D,2025,47,0,0,[]
prod-A,NYC_D,2025,48,0,0,[]
prod-A,NYC_D,2025,49,0,0,[]
prod-A,NYC_D,2025,50,0,0,[]
prod-A,NYC_D,2025,51,0,0,[]
prod-A,NYC_D,2025,52,0,0,[]
prod-A,NYC_D,2026,01,0,0,[]
prod-A,NYC_D,2026,02,0,0,[]
prod-A,NYC_D,2026,03,0,0,[]
prod-A,NYC_D,2026,04,0,0,[]
prod-A,NYC_D,2026,05,0,0,[]
prod-A,NYC_D,2026,06,0,0,[]
prod-A,NYC_D,2026,07,0,0,[]
prod-A,NYC_D,2026,08,0,0,[]
prod-A,NYC_D,2026,09,0,0,[]
prod-A,NYC_D,2026,10,0,0,[]
prod-A,NYC_D,2026,11,0,0,[]
prod-A,NYC_D,2026,12,0,0,[]
prod-A,NYC_D,2026,13,0,0,[]
prod-A,NYC_D,2026,14,0,0,[]
prod-A,NYC_D,2026,15,0,0,[]
prod-A,NYC_D,2026,16,0,0,[]
prod-A,NYC_D,2026,17,0,0,[]
prod-A,NYC_D,2026,18,0,0,[]
prod-A,NYC_D,2026,19,0,0,[]
prod-A,NYC_D,2026,20,0,0,[]
prod-A,NYC_D,2026,21,0,0,[]
prod-A,NYC_D,2026,22,0,0,[]
prod-A,NYC_D,2026,23,0,0,[]
prod-A,NYC_D,2026,24,0,0,[]
prod-A,NYC_D,2026,25,0,0,[]
prod-A,NYC_D,2026,26,0,0,[]
prod-A,NYC_D,2026,27,0,0,[]
prod-A,NYC_D,2026,28,0,0,[]
prod-A,NYC_D,2026,29,0,0,[]
prod-A,NYC_D,2026,30,0,0,[]
prod-A,NYC_D,2026,31,0,0,[]
prod-A,NYC_D,2026,32,0,0,[]
prod-A,NYC_D,2026,33,0,0,[]
prod-A,NYC_D,2026,34,0,0,[]
prod-A,NYC_D,2026,35,0,0,[]
prod-A,NYC_D,2026,36,0,0,[]
prod-A,NYC_D,2026,37,0,0,[]
prod-A,NYC_D,2026,38,0,0,[]
prod-A,NYC_D,2026,39,0,0,[]
prod-A,NYC_D,2026,40,0,0,[]
prod-A,NYC_D,2026,41,0,0,[]
prod-A,NYC_D,2026,42,0,0,[]
prod-A,NYC_D,2026,43,0,0,[]
prod-A,NYC_D,2026,44,0,0,[]
prod-A,NYC_D,2026,45,0,0,[]
prod-A,NYC_D,2026,46,0,0,[]
prod-A,NYC_D,2026,47,0,0,[]
prod-A,NYC_D,2026,48,0,0,[]
prod-A,NYC_D,2026,49,0,0,[]
prod-A,NYC_D,2026,50,0,0,[]
prod-A,NYC_D,2026,51,0,0,[]
prod-A,NYC_D,2026,52,0,0,[]
prod-A,NYC_D,2026,53,0,0,[]
prod-A,NYC_I,2025,01,0,0,[]
prod-A,NYC_I,2025,02,0,0,[]
prod-A,NYC_I,2025,03,0,0,[]
prod-A,NYC_I,2025,04,0,0,[]
prod-A,NYC_I,2025,05,0,0,[]
prod-A,NYC_I,2025,06,0,0,[]
prod-A,NYC_I,2025,07,0,0,[]
prod-A,NYC_I,2025,08,0,0,[]
prod-A,NYC_I,2025,09,0,0,[]
prod-A,NYC_I,2025,10,0,0,[]
prod-A,NYC_I,2025,11,0,0,[]
prod-A,NYC_I,2025,12,0,0,[]
prod-A,NYC_I,2025,13,0,0,[]
prod-A,NYC_I,2025,14,0,0,[]
prod-A,NYC_I,2025,15,0,0,[]
prod-A,NYC_I,2025,16,0,0,[]
prod-A,NYC_I,2025,17,0,0,[]
prod-A,NYC_I,2025,18,0,0,[]
prod-A,NYC_I,2025,19,0,0,[]
prod-A,NYC_I,2025,20,0,0,[]
prod-A,NYC_I,2025,21,0,0,[]
prod-A,NYC_I,2025,22,0,0,[]
prod-A,NYC_I,2025,23,0,0,[]
prod-A,NYC_I,2025,24,0,0,[]
prod-A,NYC_I,2025,25,0,0,[]
prod-A,NYC_I,2025,26,0,0,[]
prod-A,NYC_I,2025,27,0,0,[]
prod-A,NYC_I,2025,28,0,0,[]
prod-A,NYC_I,2025,29,0,0,[]
prod-A,NYC_I,2025,30,0,0,[]
prod-A,NYC_I,2025,31,0,0,[]
prod-A,NYC_I,2025,32,0,0,[]
prod-A,NYC_I,2025,33,0,0,[]
prod-A,NYC_I,2025,34,0,0,[]
prod-A,NYC_I,2025,35,0,0,[]
prod-A,NYC_I,2025,36,0,0,[]
prod-A,NYC_I,2025,37,0,0,[]
prod-A,NYC_I,2025,38,0,0,[]
prod-A,NYC_I,2025,39,0,0,[]
prod-A,NYC_I,2025,40,0,0,[]
prod-A,NYC_I,2025,41,0,0,[]
prod-A,NYC_I,2025,42,0,0,[]
prod-A,NYC_I,2025,43,0,0,[]
prod-A,NYC_I,2025,44,0,0,[]
prod-A,NYC_I,2025,45,0,0,[]
prod-A,NYC_I,2025,46,0,0,[]
prod-A,NYC_I,2025,47,0,0,[]
prod-A,NYC_I,2025,48,0,0,[]
prod-A,NYC_I,2025,49,0,0,[]
prod-A,NYC_I,2025,50,0,0,[]
prod-A,NYC_I,2025,51,0,0,[]
prod-A,NYC_I,2025,52,0,0,[]
prod-A,NYC_I,2026,01,0,0,[]
prod-A,NYC_I,2026,02,0,0,[]
prod-A,NYC_I,2026,03,0,0,[]
prod-A,NYC_I,2026,04,0,0,[]
prod-A,NYC_I,2026,05,0,0,[]
prod-A,NYC_I,2026,06,0,0,[]
prod-A,NYC_I,2026,07,0,0,[]
prod-A,NYC_I,2026,08,0,0,[]
prod-A,NYC_I,2026,09,0,0,[]
prod-A,NYC_I,2026,10,0,0,[]
prod-A,NYC_I,2026,11,0,0,[]
prod-A,NYC_I,2026,12,0,0,[]
prod-A,NYC_I,2026,13,0,0,[]
prod-A,NYC_I,2026,14,0,0,[]
prod-A,NYC_I,2026,15,0,0,[]
prod-A,NYC_I,2026,16,0,0,[]
prod-A,NYC_I,2026,17,0,0,[]
prod-A,NYC_I,2026,18,0,0,[]
prod-A,NYC_I,2026,19,0,0,[]
prod-A,NYC_I,2026,20,0,0,[]
prod-A,NYC_I,2026,21,0,0,[]
prod-A,NYC_I,2026,22,0,0,[]
prod-A,NYC_I,2026,23,0,0,[]
prod-A,NYC_I,2026,24,0,0,[]
prod-A,NYC_I,2026,25,0,0,[]
prod-A,NYC_I,2026,26,0,0,[]
prod-A,NYC_I,2026,27,0,0,[]
prod-A,NYC_I,2026,28,0,0,[]
prod-A,NYC_I,2026,29,0,0,[]
prod-A,NYC_I,2026,30,0,0,[]
prod-A,NYC_I,2026,31,0,0,[]
prod-A,NYC_I,2026,32,0,0,[]
prod-A,NYC_I,2026,33,0,0,[]
prod-A,NYC_I,2026,34,0,0,[]
prod-A,NYC_I,2026,35,0,0,[]
prod-A,NYC_I,2026,36,0,0,[]
prod-A,NYC_I,2026,37,0,0,[]
prod-A,NYC_I,2026,38,0,0,[]
prod-A,NYC_I,2026,39,0,0,[]
prod-A,NYC_I,2026,40,0,0,[]
prod-A,NYC_I,2026,41,0,0,[]
prod-A,NYC_I,2026,42,0,0,[]
prod-A,NYC_I,2026,43,0,0,[]
prod-A,NYC_I,2026,44,0,0,[]
prod-A,NYC_I,2026,45,0,0,[]
prod-A,NYC_I,2026,46,0,0,[]
prod-A,NYC_I,2026,47,0,0,[]
prod-A,NYC_I,2026,48,0,0,[]
prod-A,NYC_I,2026,49,0,0,[]
prod-A,NYC_I,2026,50,0,0,[]
prod-A,NYC_I,2026,51,0,0,[]
prod-A,NYC_I,2026,52,0,0,[]
prod-A,NYC_I,2026,53,0,0,[]
prod-A,NYC_N,2025,01,0,0,[]
prod-A,NYC_N,2025,02,0,0,[]
prod-A,NYC_N,2025,03,0,0,[]
prod-A,NYC_N,2025,04,0,0,[]
prod-A,NYC_N,2025,05,0,0,[]
prod-A,NYC_N,2025,06,0,0,[]
prod-A,NYC_N,2025,07,0,0,[]
prod-A,NYC_N,2025,08,0,0,[]
prod-A,NYC_N,2025,09,0,0,[]
prod-A,NYC_N,2025,10,0,0,[]
prod-A,NYC_N,2025,11,0,0,[]
prod-A,NYC_N,2025,12,0,0,[]
prod-A,NYC_N,2025,13,0,0,[]
prod-A,NYC_N,2025,14,0,0,[]
prod-A,NYC_N,2025,15,0,0,[]
prod-A,NYC_N,2025,16,0,0,[]
prod-A,NYC_N,2025,17,0,0,[]
prod-A,NYC_N,2025,18,0,0,[]
prod-A,NYC_N,2025,19,0,0,[]
prod-A,NYC_N,2025,20,0,0,[]
prod-A,NYC_N,2025,21,0,0,[]
prod-A,NYC_N,2025,22,0,0,[]
prod-A,NYC_N,2025,23,0,0,[]
prod-A,NYC_N,2025,24,0,0,[]
prod-A,NYC_N,2025,25,0,0,[]
prod-A,NYC_N,2025,26,0,0,[]
prod-A,NYC_N,2025,27,0,0,[]
prod-A,NYC_N,2025,28,0,0,[]
prod-A,NYC_N,2025,29,0,0,[]
prod-A,NYC_N,2025,30,0,0,[]
prod-A,NYC_N,2025,31,0,0,[]
prod-A,NYC_N,2025,32,0,0,[]
prod-A,NYC_N,2025,33,0,0,[]
prod-A,NYC_N,2025,34,0,0,[]
prod-A,NYC_N,2025,35,0,0,[]
prod-A,NYC_N,2025,36,0,0,[]
prod-A,NYC_N,2025,37,0,0,[]
prod-A,NYC_N,2025,38,0,0,[]
prod-A,NYC_N,2025,39,0,0,[]
prod-A,NYC_N,2025,40,0,0,[]
prod-A,NYC_N,2025,41,0,0,[]
prod-A,NYC_N,2025,42,0,0,[]
prod-A,NYC_N,2025,43,0,0,[]
prod-A,NYC_N,2025,44,0,0,[]
prod-A,NYC_N,2025,45,0,0,[]
prod-A,NYC_N,2025,46,0,0,[]
prod-A,NYC_N,2025,47,0,0,[]
prod-A,NYC_N,2025,48,0,0,[]
prod-A,NYC_N,2025,49,0,0,[]
prod-A,NYC_N,2025,50,0,0,[]
prod-A,NYC_N,2025,51,0,0,[]
prod-A,NYC_N,2025,52,0,0,[]
prod-A,NYC_N,2026,01,0,0,[]
prod-A,NYC_N,2026,02,0,0,[]
prod-A,NYC_N,2026,03,0,0,[]
prod-A,NYC_N,2026,04,0,0,[]
prod-A,NYC_N,2026,05,0,0,[]
prod-A,NYC_N,2026,06,0,0,[]
prod-A,NYC_N,2026,07,0,0,[]
prod-A,NYC_N,2026,08,0,0,[]
prod-A,NYC_N,2026,09,0,0,[]
prod-A,NYC_N,2026,10,0,0,[]
prod-A,NYC_N,2026,11,0,0,[]
prod-A,NYC_N,2026,12,0,0,[]
prod-A,NYC_N,2026,13,0,0,[]
prod-A,NYC_N,2026,14,0,0,[]
prod-A,NYC_N,2026,15,0,0,[]
prod-A,NYC_N,2026,16,0,0,[]
prod-A,NYC_N,2026,17,0,0,[]
prod-A,NYC_N,2026,18,0,0,[]
prod-A,NYC_N,2026,19,0,0,[]
prod-A,NYC_N,2026,20,0,0,[]
prod-A,NYC_N,2026,21,0,0,[]
prod-A,NYC_N,2026,22,0,0,[]
prod-A,NYC_N,2026,23,0,0,[]
prod-A,NYC_N,2026,24,0,0,[]
prod-A,NYC_N,2026,25,0,0,[]
prod-A,NYC_N,2026,26,0,0,[]
prod-A,NYC_N,2026,27,0,0,[]
prod-A,NYC_N,2026,28,0,0,[]
prod-A,NYC_N,2026,29,0,0,[]
prod-A,NYC_N,2026,30,0,0,[]
prod-A,NYC_N,2026,31,0,0,[]
prod-A,NYC_N,2026,32,0,0,[]
prod-A,NYC_N,2026,33,0,0,[]
prod-A,NYC_N,2026,34,0,0,[]
prod-A,NYC_N,2026,35,0,0,[]
prod-A,NYC_N,2026,36,0,0,[]
prod-A,NYC_N,2026,37,0,0,[]
prod-A,NYC_N,2026,38,0,0,[]
prod-A,NYC_N,2026,39,0,0,[]
prod-A,NYC_N,2026,40,0,0,[]
prod-A,NYC_N,2026,41,0,0,[]
prod-A,NYC_N,2026,42,0,0,[]
prod-A,NYC_N,2026,43,0,0,[]
prod-A,NYC_N,2026,44,0,0,[]
prod-A,NYC_N,2026,45,0,0,[]
prod-A,NYC_N,2026,46,0,0,[]
prod-A,NYC_N,2026,47,0,0,[]
prod-A,NYC_N,2026,48,0,0,[]
prod-A,NYC_N,2026,49,0,0,[]
prod-A,NYC_N,2026,50,0,0,[]
prod-A,NYC_N,2026,51,0,0,[]
prod-A,NYC_N,2026,52,0,0,[]
prod-A,NYC_N,2026,53,0,0,[]
prod-A,SHA,2025,01,0,0,[]
prod-A,SHA,2025,02,0,0,[]
prod-A,SHA,2025,03,0,0,[]
prod-A,SHA,2025,04,0,0,[]
prod-A,SHA,2025,05,0,0,[]
prod-A,SHA,2025,06,0,0,[]
prod-A,SHA,2025,07,0,0,[]
prod-A,SHA,2025,08,0,0,[]
prod-A,SHA,2025,09,0,0,[]
prod-A,SHA,2025,10,0,0,[]
prod-A,SHA,2025,11,0,0,[]
prod-A,SHA,2025,12,0,0,[]
prod-A,SHA,2025,13,0,0,[]
prod-A,SHA,2025,14,0,0,[]
prod-A,SHA,2025,15,0,0,[]
prod-A,SHA,2025,16,0,0,[]
prod-A,SHA,2025,17,0,0,[]
prod-A,SHA,2025,18,0,0,[]
prod-A,SHA,2025,19,0,0,[]
prod-A,SHA,2025,20,0,0,[]
prod-A,SHA,2025,21,0,0,[]
prod-A,SHA,2025,22,0,0,[]
prod-A,SHA,2025,23,0,0,[]
prod-A,SHA,2025,24,0,0,[]
prod-A,SHA,2025,25,0,0,[]
prod-A,SHA,2025,26,0,0,[]
prod-A,SHA,2025,27,0,0,[]
prod-A,SHA,2025,28,0,0,[]
prod-A,SHA,2025,29,0,0,[]
prod-A,SHA,2025,30,0,0,[]
prod-A,SHA,2025,31,0,0,[]
prod-A,SHA,2025,32,0,0,[]
prod-A,SHA,2025,33,0,0,[]
prod-A,SHA,2025,34,0,0,[]
prod-A,SHA,2025,35,0,0,[]
prod-A,SHA,2025,36,0,0,[]
prod-A,SHA,2025,37,0,0,[]
prod-A,SHA,2025,38,0,0,[]
prod-A,SHA,2025,39,0,0,[]
prod-A,SHA,2025,40,0,0,[]
prod-A,SHA,2025,41,0,0,[]
prod-A,SHA,2025,42,0,0,[]
prod-A,SHA,2025,43,0,0,[]
prod-A,SHA,2025,44,0,0,[]
prod-A,SHA,2025,45,0,0,[]
prod-A,SHA,2025,46,0,0,[]
prod-A,SHA,2025,47,0,0,[]
prod-A,SHA,2025,48,0,0,[]
prod-A,SHA,2025,49,0,0,[]
prod-A,SHA,2025,50,0,0,[]
prod-A,SHA,2025,51,0,0,[]
prod-A,SHA,2025,52,0,0,[]
prod-A,SHA,2026,01,0,0,[]
prod-A,SHA_D,2025,01,0,0,[]
prod-A,SHA_D,2025,02,0,0,[]
prod-A,SHA_D,2025,03,0,0,[]
prod-A,SHA_D,2025,04,0,0,[]
prod-A,SHA_D,2025,05,0,0,[]
prod-A,SHA_D,2025,06,0,0,[]
prod-A,SHA_D,2025,07,0,0,[]
prod-A,SHA_D,2025,08,0,0,[]
prod-A,SHA_D,2025,09,0,0,[]
prod-A,SHA_D,2025,10,0,0,[]
prod-A,SHA_D,2025,11,0,0,[]
prod-A,SHA_D,2025,12,0,0,[]
prod-A,SHA_D,2025,13,0,0,[]
prod-A,SHA_D,2025,14,0,0,[]
prod-A,SHA_D,2025,15,0,0,[]
prod-A,SHA_D,2025,16,0,0,[]
prod-A,SHA_D,2025,17,0,0,[]
prod-A,SHA_D,2025,18,0,0,[]
prod-A,SHA_D,2025,19,0,0,[]
prod-A,SHA_D,2025,20,0,0,[]
prod-A,SHA_D,2025,21,0,0,[]
prod-A,SHA_D,2025,22,0,0,[]
prod-A,SHA_D,2025,23,0,0,[]
prod-A,SHA_D,2025,24,0,0,[]
prod-A,SHA_D,2025,25,0,0,[]
prod-A,SHA_D,2025,26,0,0,[]
prod-A,SHA_D,2025,27,0,0,[]
prod-A,SHA_D,2025,28,0,0,[]
prod-A,SHA_D,2025,29,0,0,[]
prod-A,SHA_D,2025,30,0,0,[]
prod-A,SHA_D,2025,31,0,0,[]
prod-A,SHA_D,2025,32,0,0,[]
prod-A,SHA_D,2025,33,0,0,[]
prod-A,SHA_D,2025,34,0,0,[]
prod-A,SHA_D,2025,35,0,0,[]
prod-A,SHA_D,2025,36,0,0,[]
prod-A,SHA_D,2025,37,0,0,[]
prod-A,SHA_D,2025,38,0,0,[]
prod-A,SHA_D,2025,39,0,0,[]
prod-A,SHA_D,2025,40,0,0,[]
prod-A,SHA_D,2025,41,0,0,[]
prod-A,SHA_D,2025,42,0,0,[]
prod-A,SHA_D,2025,43,0,0,[]
prod-A,SHA_D,2025,44,0,0,[]
prod-A,SHA_D,2025,45,0,0,[]
prod-A,SHA_D,2025,46,0,0,[]
prod-A,SHA_D,2025,47,0,0,[]
prod-A,SHA_D,2025,48,0,0,[]
prod-A,SHA_D,2025,49,0,0,[]
prod-A,SHA_D,2025,50,0,0,[]
prod-A,SHA_D,2025,51,0,0,[]
prod-A,SHA_D,2025,52,0,0,[]
prod-A,SHA_D,2026,01,0,0,[]
prod-A,SHA_D,2026,02,0,0,[]
prod-A,SHA_D,2026,03,0,0,[]
prod-A,SHA_D,2026,04,0,0,[]
prod-A,SHA_D,2026,05,0,0,[]
prod-A,SHA_D,2026,06,0,0,[]
prod-A,SHA_D,2026,07,0,0,[]
prod-A,SHA_D,2026,08,0,0,[]
prod-A,SHA_D,2026,09,0,0,[]
prod-A,SHA_D,2026,10,0,0,[]
prod-A,SHA_D,2026,11,0,0,[]
prod-A,SHA_D,2026,12,0,0,[]
prod-A,SHA_D,2026,13,0,0,[]
prod-A,SHA_D,2026,14,0,0,[]
prod-A,SHA_D,2026,15,0,0,[]
prod-A,SHA_D,2026,16,0,0,[]
prod-A,SHA_D,2026,17,0,0,[]
prod-A,SHA_D,2026,18,0,0,[]
prod-A,SHA_D,2026,19,0,0,[]
prod-A,SHA_D,2026,20,0,0,[]
prod-A,SHA_D,2026,21,0,0,[]
prod-A,SHA_D,2026,22,0,0,[]
prod-A,SHA_D,2026,23,0,0,[]
prod-A,SHA_D,2026,24,0,0,[]
prod-A,SHA_D,2026,25,0,0,[]
prod-A,SHA_D,2026,26,0,0,[]
prod-A,SHA_D,2026,27,0,0,[]
prod-A,SHA_D,2026,28,0,0,[]
prod-A,SHA_D,2026,29,0,0,[]
prod-A,SHA_D,2026,30,0,0,[]
prod-A,SHA_D,2026,31,0,0,[]
prod-A,SHA_D,2026,32,0,0,[]
prod-A,SHA_D,2026,33,0,0,[]
prod-A,SHA_D,2026,34,0,0,[]
prod-A,SHA_D,2026,35,0,0,[]
prod-A,SHA_D,2026,36,0,0,[]
prod-A,SHA_D,2026,37,0,0,[]
prod-A,SHA_D,2026,38,0,0,[]
prod-A,SHA_D,2026,39,0,0,[]
prod-A,SHA_D,2026,40,0,0,[]
prod-A,SHA_D,2026,41,0,0,[]
prod-A,SHA_D,2026,42,0,0,[]
prod-A,SHA_D,2026,43,0,0,[]
prod-A,SHA_D,2026,44,0,0,[]
prod-A,SHA_D,2026,45,0,0,[]
prod-A,SHA_D,2026,46,0,0,[]
prod-A,SHA_D,2026,47,0,0,[]
prod-A,SHA_D,2026,48,0,0,[]
prod-A,SHA_D,2026,49,0,0,[]
prod-A,SHA_D,2026,50,0,0,[]
prod-A,SHA_D,2026,51,0,0,[]
prod-A,SHA_D,2026,52,0,0,[]
prod-A,SHA_D,2026,53,0,0,[]
prod-A,SHA_I,2025,01,0,0,[]
prod-A,SHA_I,2025,02,0,0,[]
prod-A,SHA_I,2025,03,0,0,[]
prod-A,SHA_I,2025,04,0,0,[]
prod-A,SHA_I,2025,05,0,0,[]
prod-A,SHA_I,2025,06,0,0,[]
prod-A,SHA_I,2025,07,0,0,[]
prod-A,SHA_I,2025,08,0,0,[]
prod-A,SHA_I,2025,09,0,0,[]
prod-A,SHA_I,2025,10,0,0,[]
prod-A,SHA_I,2025,11,0,0,[]
prod-A,SHA_I,2025,12,0,0,[]
prod-A,SHA_I,2025,13,0,0,[]
prod-A,SHA_I,2025,14,0,0,[]
prod-A,SHA_I,2025,15,0,0,[]
prod-A,SHA_I,2025,16,0,0,[]
prod-A,SHA_I,2025,17,0,0,[]
prod-A,SHA_I,2025,18,0,0,[]
prod-A,SHA_I,2025,19,0,0,[]
prod-A,SHA_I,2025,20,0,0,[]
prod-A,SHA_I,2025,21,0,0,[]
prod-A,SHA_I,2025,22,0,0,[]
prod-A,SHA_I,2025,23,0,0,[]
prod-A,SHA_I,2025,24,0,0,[]
prod-A,SHA_I,2025,25,0,0,[]
prod-A,SHA_I,2025,26,0,0,[]
prod-A,SHA_I,2025,27,0,0,[]
prod-A,SHA_I,2025,28,0,0,[]
prod-A,SHA_I,2025,29,0,0,[]
prod-A,SHA_I,2025,30,0,0,[]
prod-A,SHA_I,2025,31,0,0,[]
prod-A,SHA_I,2025,32,0,0,[]
prod-A,SHA_I,2025,33,0,0,[]
prod-A,SHA_I,2025,34,0,0,[]
prod-A,SHA_I,2025,35,0,0,[]
prod-A,SHA_I,2025,36,0,0,[]
prod-A,SHA_I,2025,37,0,0,[]
prod-A,SHA_I,2025,38,0,0,[]
prod-A,SHA_I,2025,39,0,0,[]
prod-A,SHA_I,2025,40,0,0,[]
prod-A,SHA_I,2025,41,0,0,[]
prod-A,SHA_I,2025,42,0,0,[]
prod-A,SHA_I,2025,43,0,0,[]
prod-A,SHA_I,2025,44,0,0,[]
prod-A,SHA_I,2025,45,0,0,[]
prod-A,SHA_I,2025,46,0,0,[]
prod-A,SHA_I,2025,47,0,0,[]
prod-A,SHA_I,2025,48,0,0,[]
prod-A,SHA_I,2025,49,0,0,[]
prod-A,SHA_I,2025,50,0,0,[]
prod-A,SHA_I,2025,51,0,0,[]
prod-A,SHA_I,2025,52,0,0,[]
prod-A,SHA_I,2026,01,220,1,['SHA_I202601001']
prod-A,SHA_I,2026,02,385,1,['SHA_I202602001']
prod-A,SHA_I,2026,03,385,1,['SHA_I202603001']
prod-A,SHA_I,2026,04,385,1,['SHA_I202604001']
prod-A,SHA_I,2026,05,396,1,['SHA_I202605001']
prod-A,SHA_I,2026,06,462,1,['SHA_I202606001']
prod-A,SHA_I,2026,07,462,1,['SHA_I202607001']
prod-A,SHA_I,2026,08,462,1,['SHA_I202608001']
prod-A,SHA_I,2026,09,478,1,['SHA_I202609001']
prod-A,SHA_I,2026,10,574,2,"['SHA_I202610001', 'SHA_I202610002']"
prod-A,SHA_I,2026,11,574,2,"['SHA_I202611001', 'SHA_I202611002']"
prod-A,SHA_I,2026,12,574,2,"['SHA_I202612001', 'SHA_I202612002']"
prod-A,SHA_I,2026,13,574,2,"['SHA_I202613001', 'SHA_I202613002']"
prod-A,SHA_I,2026,14,519,2,"['SHA_I202614001', 'SHA_I202614002']"
prod-A,SHA_I,2026,15,497,1,['SHA_I202615001']
prod-A,SHA_I,2026,16,497,1,['SHA_I202616001']
prod-A,SHA_I,2026,17,497,1,['SHA_I202617001']
prod-A,SHA_I,2026,18,515,2,"['SHA_I202618001', 'SHA_I202618002']"
prod-A,SHA_I,2026,19,539,2,"['SHA_I202619001', 'SHA_I202619002']"
prod-A,SHA_I,2026,20,539,2,"['SHA_I202620001', 'SHA_I202620002']"
prod-A,SHA_I,2026,21,539,2,"['SHA_I202621001', 'SHA_I202621002']"
prod-A,SHA_I,2026,22,539,2,"['SHA_I202622001', 'SHA_I202622002']"
prod-A,SHA_I,2026,23,616,2,"['SHA_I202623001', 'SHA_I202623002']"
prod-A,SHA_I,2026,24,616,2,"['SHA_I202624001', 'SHA_I202624002']"
prod-A,SHA_I,2026,25,616,2,"['SHA_I202625001', 'SHA_I202625002']"
prod-A,SHA_I,2026,26,616,2,"['SHA_I202626001', 'SHA_I202626002']"
prod-A,SHA_I,2026,27,666,2,"['SHA_I202627001', 'SHA_I202627002']"
prod-A,SHA_I,2026,28,686,2,"['SHA_I202628001', 'SHA_I202628002']"
prod-A,SHA_I,2026,29,686,2,"['SHA_I202629001', 'SHA_I202629002']"
prod-A,SHA_I,2026,30,686,2,"['SHA_I202630001', 'SHA_I202630002']"
prod-A,SHA_I,2026,31,708,2,"['SHA_I202631001', 'SHA_I202631002']"
prod-A,SHA_I,2026,32,763,2,"['SHA_I202632001', 'SHA_I202632002']"
prod-A,SHA_I,2026,33,763,2,"['SHA_I202633001', 'SHA_I202633002']"
prod-A,SHA_I,2026,34,763,2,"['SHA_I202634001', 'SHA_I202634002']"
prod-A,SHA_I,2026,35,763,2,"['SHA_I202635001', 'SHA_I202635002']"
prod-A,SHA_I,2026,36,733,2,"['SHA_I202636001', 'SHA_I202636002']"
prod-A,SHA_I,2026,37,728,2,"['SHA_I202637001', 'SHA_I202637002']"
prod-A,SHA_I,2026,38,728,2,"['SHA_I202638001', 'SHA_I202638002']"
prod-A,SHA_I,2026,39,728,2,"['SHA_I202639001', 'SHA_I202639002']"
prod-A,SHA_I,2026,40,684,2,"['SHA_I202640001', 'SHA_I202640002']"
prod-A,SHA_I,2026,41,651,2,"['SHA_I202641001', 'SHA_I202641002']"
prod-A,SHA_I,2026,42,651,2,"['SHA_I202642001', 'SHA_I202642002']"
prod-A,SHA_I,2026,43,651,2,"['SHA_I202643001', 'SHA_I202643002']"
prod-A,SHA_I,2026,44,646,2,"['SHA_I202644001', 'SHA_I202644002']"
prod-A,SHA_I,2026,45,616,2,"['SHA_I202645001', 'SHA_I202645002']"
prod-A,SHA_I,2026,46,616,2,"['SHA_I202646001', 'SHA_I202646002']"
prod-A,SHA_I,2026,47,616,2,"['SHA_I202647001', 'SHA_I202647002']"
prod-A,SHA_I,2026,48,616,2,"['SHA_I202648001', 'SHA_I202648002']"
prod-A,SHA_I,2026,49,676,2,"['SHA_I202649001', 'SHA_I202649002']"
prod-A,SHA_I,2026,50,686,2,"['SHA_I202650001', 'SHA_I202650002']"
prod-A,SHA_I,2026,51,686,2,"['SHA_I202651001', 'SHA_I202651002']"
prod-A,SHA_I,2026,52,686,2,"['SHA_I202652001', 'SHA_I202652002']"
prod-A,SHA_I,2026,53,392,1,['SHA_I202653001']
prod-A,SHA_N,2025,01,0,0,[]
prod-A,SHA_N,2025,02,0,0,[]
prod-A,SHA_N,2025,03,0,0,[]
prod-A,SHA_N,2025,04,0,0,[]
prod-A,SHA_N,2025,05,0,0,[]
prod-A,SHA_N,2025,06,0,0,[]
prod-A,SHA_N,2025,07,0,0,[]
prod-A,SHA_N,2025,08,0,0,[]
prod-A,SHA_N,2025,09,0,0,[]
prod-A,SHA_N,2025,10,0,0,[]
prod-A,SHA_N,2025,11,0,0,[]
prod-A,SHA_N,2025,12,0,0,[]
prod-A,SHA_N,2025,13,0,0,[]
prod-A,SHA_N,2025,14,0,0,[]
prod-A,SHA_N,2025,15,0,0,[]
prod-A,SHA_N,2025,16,0,0,[]
prod-A,SHA_N,2025,17,0,0,[]
prod-A,SHA_N,2025,18,0,0,[]
prod-A,SHA_N,2025,19,0,0,[]
prod-A,SHA_N,2025,20,0,0,[]
prod-A,SHA_N,2025,21,0,0,[]
prod-A,SHA_N,2025,22,0,0,[]
prod-A,SHA_N,2025,23,0,0,[]
prod-A,SHA_N,2025,24,0,0,[]
prod-A,SHA_N,2025,25,0,0,[]
prod-A,SHA_N,2025,26,0,0,[]
prod-A,SHA_N,2025,27,0,0,[]
prod-A,SHA_N,2025,28,0,0,[]
prod-A,SHA_N,2025,29,0,0,[]
prod-A,SHA_N,2025,30,0,0,[]
prod-A,SHA_N,2025,31,0,0,[]
prod-A,SHA_N,2025,32,0,0,[]
prod-A,SHA_N,2025,33,0,0,[]
prod-A,SHA_N,2025,34,0,0,[]
prod-A,SHA_N,2025,35,0,0,[]
prod-A,SHA_N,2025,36,0,0,[]
prod-A,SHA_N,2025,37,0,0,[]
prod-A,SHA_N,2025,38,0,0,[]
prod-A,SHA_N,2025,39,0,0,[]
prod-A,SHA_N,2025,40,0,0,[]
prod-A,SHA_N,2025,41,0,0,[]
prod-A,SHA_N,2025,42,0,0,[]
prod-A,SHA_N,2025,43,0,0,[]
prod-A,SHA_N,2025,44,0,0,[]
prod-A,SHA_N,2025,45,0,0,[]
prod-A,SHA_N,2025,46,0,0,[]
prod-A,SHA_N,2025,47,0,0,[]
prod-A,SHA_N,2025,48,0,0,[]
prod-A,SHA_N,2025,49,0,0,[]
prod-A,SHA_N,2025,50,0,0,[]
prod-A,SHA_N,2025,51,0,0,[]
prod-A,SHA_N,2025,52,0,0,[]
prod-A,SHA_N,2026,01,372,1,['SHA_N202601001']
prod-A,SHA_N,2026,02,651,2,"['SHA_N202602001', 'SHA_N202602002']"
prod-A,SHA_N,2026,03,651,2,"['SHA_N202603001', 'SHA_N202603002']"
prod-A,SHA_N,2026,04,651,2,"['SHA_N202604001', 'SHA_N202604002']"
prod-A,SHA_N,2026,05,670,2,"['SHA_N202605001', 'SHA_N202605002']"
prod-A,SHA_N,2026,06,784,2,"['SHA_N202606001', 'SHA_N202606002']"
prod-A,SHA_N,2026,07,784,2,"['SHA_N202607001', 'SHA_N202607002']"
prod-A,SHA_N,2026,08,784,2,"['SHA_N202608001', 'SHA_N202608002']"
prod-A,SHA_N,2026,09,811,2,"['SHA_N202609001', 'SHA_N202609002']"
prod-A,SHA_N,2026,10,973,2,"['SHA_N202610001', 'SHA_N202610002']"
prod-A,SHA_N,2026,11,973,2,"['SHA_N202611001', 'SHA_N202611002']"
prod-A,SHA_N,2026,12,973,2,"['SHA_N202612001', 'SHA_N202612002']"
prod-A,SHA_N,2026,13,973,2,"['SHA_N202613001', 'SHA_N202613002']"
prod-A,SHA_N,2026,14,883,2,"['SHA_N202614001', 'SHA_N202614002']"
prod-A,SHA_N,2026,15,847,2,"['SHA_N202615001', 'SHA_N202615002']"
prod-A,SHA_N,2026,16,847,2,"['SHA_N202616001', 'SHA_N202616002']"
prod-A,SHA_N,2026,17,847,2,"['SHA_N202617001', 'SHA_N202617002']"
prod-A,SHA_N,2026,18,874,2,"['SHA_N202618001', 'SHA_N202618002']"
prod-A,SHA_N,2026,19,910,2,"['SHA_N202619001', 'SHA_N202619002']"
prod-A,SHA_N,2026,20,910,2,"['SHA_N202620001', 'SHA_N202620002']"
prod-A,SHA_N,2026,21,910,2,"['SHA_N202621001', 'SHA_N202621002']"
prod-A,SHA_N,2026,22,910,2,"['SHA_N202622001', 'SHA_N202622002']"
prod-A,SHA_N,2026,23,1036,3,"['SHA_N202623001', 'SHA_N202623002', 'SHA_N202623003']"
prod-A,SHA_N,2026,24,1036,3,"['SHA_N202624001', 'SHA_N202624002', 'SHA_N202624003']"
prod-A,SHA_N,2026,25,1036,3,"['SHA_N202625001', 'SHA_N202625002', 'SHA_N202625003']"
prod-A,SHA_N,2026,26,1036,3,"['SHA_N202626001', 'SHA_N202626002', 'SHA_N202626003']"
prod-A,SHA_N,2026,27,1131,3,"['SHA_N202627001', 'SHA_N202627002', 'SHA_N202627003']"
prod-A,SHA_N,2026,28,1169,3,"['SHA_N202628001', 'SHA_N202628002', 'SHA_N202628003']"
prod-A,SHA_N,2026,29,1169,3,"['SHA_N202629001', 'SHA_N202629002', 'SHA_N202629003']"
prod-A,SHA_N,2026,30,1169,3,"['SHA_N202630001', 'SHA_N202630002', 'SHA_N202630003']"
prod-A,SHA_N,2026,31,1203,3,"['SHA_N202631001', 'SHA_N202631002', 'SHA_N202631003']"
prod-A,SHA_N,2026,32,1288,3,"['SHA_N202632001', 'SHA_N202632002', 'SHA_N202632003']"
prod-A,SHA_N,2026,33,1288,3,"['SHA_N202633001', 'SHA_N202633002', 'SHA_N202633003']"
prod-A,SHA_N,2026,34,1288,3,"['SHA_N202634001', 'SHA_N202634002', 'SHA_N202634003']"
prod-A,SHA_N,2026,35,1288,3,"['SHA_N202635001', 'SHA_N202635002', 'SHA_N202635003']"
prod-A,SHA_N,2026,36,1240,3,"['SHA_N202636001', 'SHA_N202636002', 'SHA_N202636003']"
prod-A,SHA_N,2026,37,1232,3,"['SHA_N202637001', 'SHA_N202637002', 'SHA_N202637003']"
prod-A,SHA_N,2026,38,1232,3,"['SHA_N202638001', 'SHA_N202638002', 'SHA_N202638003']"
prod-A,SHA_N,2026,39,1232,3,"['SHA_N202639001', 'SHA_N202639002', 'SHA_N202639003']"
prod-A,SHA_N,2026,40,1160,3,"['SHA_N202640001', 'SHA_N202640002', 'SHA_N202640003']"
prod-A,SHA_N,2026,41,1106,3,"['SHA_N202641001', 'SHA_N202641002', 'SHA_N202641003']"
prod-A,SHA_N,2026,42,1106,3,"['SHA_N202642001', 'SHA_N202642002', 'SHA_N202642003']"
prod-A,SHA_N,2026,43,1106,3,"['SHA_N202643001', 'SHA_N202643002', 'SHA_N202643003']"
prod-A,SHA_N,2026,44,1096,3,"['SHA_N202644001', 'SHA_N202644002', 'SHA_N202644003']"
prod-A,SHA_N,2026,45,1036,3,"['SHA_N202645001', 'SHA_N202645002', 'SHA_N202645003']"
prod-A,SHA_N,2026,46,1036,3,"['SHA_N202646001', 'SHA_N202646002', 'SHA_N202646003']"
prod-A,SHA_N,2026,47,1036,3,"['SHA_N202647001', 'SHA_N202647002', 'SHA_N202647003']"
prod-A,SHA_N,2026,48,1036,3,"['SHA_N202648001', 'SHA_N202648002', 'SHA_N202648003']"
prod-A,SHA_N,2026,49,1150,3,"['SHA_N202649001', 'SHA_N202649002', 'SHA_N202649003']"
prod-A,SHA_N,2026,50,1169,3,"['SHA_N202650001', 'SHA_N202650002', 'SHA_N202650003']"
prod-A,SHA_N,2026,51,1169,3,"['SHA_N202651001', 'SHA_N202651002', 'SHA_N202651003']"
prod-A,SHA_N,2026,52,1169,3,"['SHA_N202652001', 'SHA_N202652002', 'SHA_N202652003']"
prod-A,SHA_N,2026,53,668,2,"['SHA_N202653001', 'SHA_N202653002']"
